<?xml version = '1.0' encoding = 'UTF-8'?>
<Table class="oracle.dbtools.crest.model.design.relational.Table" directorySegmentName="seg_0" id="30A83805-1181-C103-B29F-C6252927B7AC" name="activity_registry">
<sourceDDLFile>all.ddl</sourceDDLFile>
<createdBy>Student</createdBy>
<createdTime>2020-10-20 09:42:12 UTC</createdTime>
<ownerDesignName>all</ownerDesignName>
<importedID>F28CC39B-46F7-A9D1-AB5E-56AF93D78091</importedID>
<allowColumnReorder>false</allowColumnReorder>
<existDependencyGenerateInDDl>true</existDependencyGenerateInDDl>
<parsed>true</parsed>
<columns itemClass="oracle.dbtools.crest.model.design.relational.Column">
<Column name="seqno" id="ED625FB5-A201-3E6C-F007-FE1BB49E2AB2">
<sourceDDLFile>all.ddl</sourceDDLFile>
<createdBy>Student</createdBy>
<createdTime>2020-10-20 09:42:12 UTC</createdTime>
<ownerDesignName>all</ownerDesignName>
<importedID>35451665-67CF-AD43-22EF-0E24E7E14DA9</importedID>
<use>0</use>
<logicalDatatype>LOGDT019</logicalDatatype>
<domain>986EEAE0-38DE-C8A9-B2B6-2C7F95775129</domain>
<ownDataTypeParameters>,,</ownDataTypeParameters>
<autoIncrementCycle>false</autoIncrementCycle>
</Column>
<Column name="activity_basic_seqno" id="C64EC563-5BEB-A48B-F5DB-DD033C9505A5">
<sourceDDLFile>all.ddl</sourceDDLFile>
<createdBy>Student</createdBy>
<createdTime>2020-10-20 09:42:12 UTC</createdTime>
<ownerDesignName>all</ownerDesignName>
<importedID>B7D659BB-E19A-615F-02D4-91C10C8F36E4</importedID>
<use>0</use>
<logicalDatatype>LOGDT019</logicalDatatype>
<domain>D783EC51-F784-5C9A-999C-B0995F0C89A3</domain>
<ownDataTypeParameters>,,</ownDataTypeParameters>
<autoIncrementCycle>false</autoIncrementCycle>
<associations>
<colAssociation fkAssociation="9B90607C-3752-1604-C6A9-550859308363" referredColumn="829FA245-DB4B-3B89-7894-4B56FD63D274"/>
</associations>
</Column>
<Column name="member_basic_id" id="E828BE23-D1E0-8DA9-98AC-EC0FBEC0F061">
<sourceDDLFile>all.ddl</sourceDDLFile>
<createdBy>Student</createdBy>
<createdTime>2020-10-20 09:42:12 UTC</createdTime>
<ownerDesignName>all</ownerDesignName>
<importedID>EF198041-35E9-FA94-B160-1A3C08D9CFA7</importedID>
<use>0</use>
<logicalDatatype>LOGDT019</logicalDatatype>
<domain>986EEAE0-38DE-C8A9-B2B6-2C7F95775129</domain>
<ownDataTypeParameters>,,</ownDataTypeParameters>
<autoIncrementCycle>false</autoIncrementCycle>
<associations>
<colAssociation fkAssociation="52AC887E-2954-EAC5-DAA1-48F55F21DCB8" referredColumn="1F6AFFD3-5860-2C3E-D7B1-8A10B0C5DACD"/>
</associations>
</Column>
<Column name="reg_date" id="57E2754F-3AB3-46DD-4D43-00A483C85C80">
<sourceDDLFile>all.ddl</sourceDDLFile>
<createdBy>Student</createdBy>
<createdTime>2020-10-20 09:42:12 UTC</createdTime>
<ownerDesignName>all</ownerDesignName>
<importedID>DACAF725-5F31-BBBC-4132-DA624B05DBE9</importedID>
<use>0</use>
<logicalDatatype>LOGDT007</logicalDatatype>
<domain>44EB3A79-E7C2-2113-1FA5-7D936B3C4F02</domain>
<ownDataTypeParameters>,,</ownDataTypeParameters>
<autoIncrementCycle>false</autoIncrementCycle>
</Column>
<Column name="deniedtag" id="123B22AD-D299-844C-0495-12A8DF3951ED">
<sourceDDLFile>all.ddl</sourceDDLFile>
<createdBy>Student</createdBy>
<createdTime>2020-10-20 09:42:12 UTC</createdTime>
<ownerDesignName>all</ownerDesignName>
<importedID>52DE3062-7ED0-3289-73A5-64FA04A52AFB</importedID>
<nullsAllowed>true</nullsAllowed>
<use>0</use>
<logicalDatatype>LOGDT024</logicalDatatype>
<domain>7BDFE941-171F-C129-402F-C183655124A8</domain>
<ownDataTypeParameters>,,</ownDataTypeParameters>
<autoIncrementCycle>false</autoIncrementCycle>
</Column>
<Column name="deni_date" id="6B68D53C-7CA4-15B8-DC45-372ADEA8F86B">
<createdBy>Student</createdBy>
<createdTime>2020-10-20 09:53:45 UTC</createdTime>
<ownerDesignName>all</ownerDesignName>
<nullsAllowed>true</nullsAllowed>
<useDomainConstraints>false</useDomainConstraints>
<use>1</use>
<logicalDatatype>LOGDT007</logicalDatatype>
<ownDataTypeParameters>,,</ownDataTypeParameters>
<autoIncrementCycle>false</autoIncrementCycle>
</Column>
</columns>
<indexes itemClass="oracle.dbtools.crest.model.design.relational.Index">
<ind_PK_UK id="2BD63F95-73BF-BA90-E874-73A9AEA624CA" name="activity_registry_pk">
<sourceDDLFile>all.ddl</sourceDDLFile>
<createdBy>Student</createdBy>
<createdTime>2020-10-20 09:42:12 UTC</createdTime>
<ownerDesignName>all</ownerDesignName>
<importedID>2A8850C1-2749-4242-F243-4D7F7FEA5F87</importedID>
<pk>true</pk>
<indexState>Primary Constraint</indexState>
<isSurrogateKey>false</isSurrogateKey>
<indexColumnUsage>
<colUsage columnID="ED625FB5-A201-3E6C-F007-FE1BB49E2AB2"/>
</indexColumnUsage>
</ind_PK_UK>
<ind_PK_UK id="09A67671-5D18-EDF5-AD40-DC9E79C6D67C" name="activity_registry_activity_basic_fk">
<createdBy>Student</createdBy>
<createdTime>2020-10-20 09:42:12 UTC</createdTime>
<ownerDesignName>all</ownerDesignName>
<indexState>Foreign Key</indexState>
<isSurrogateKey>false</isSurrogateKey>
<indexColumnUsage>
<colUsage columnID="C64EC563-5BEB-A48B-F5DB-DD033C9505A5"/>
</indexColumnUsage>
</ind_PK_UK>
<ind_PK_UK id="C94BBAAC-1B5C-68B2-54F8-470693A3AD5D" name="activity_registry_member_basic_fk">
<createdBy>Student</createdBy>
<createdTime>2020-10-20 09:42:12 UTC</createdTime>
<ownerDesignName>all</ownerDesignName>
<indexState>Foreign Key</indexState>
<isSurrogateKey>false</isSurrogateKey>
<indexColumnUsage>
<colUsage columnID="E828BE23-D1E0-8DA9-98AC-EC0FBEC0F061"/>
</indexColumnUsage>
</ind_PK_UK>
</indexes>
</Table>