<?xml version = '1.0' encoding = 'UTF-8'?>
<Table class="oracle.dbtools.crest.model.design.relational.Table" directorySegmentName="seg_0" id="3AA6E4A1-739F-7C94-1099-465342777D85" name="second_class">
<sourceDDLFile>all.ddl</sourceDDLFile>
<createdBy>Student</createdBy>
<createdTime>2020-10-20 09:42:12 UTC</createdTime>
<ownerDesignName>all</ownerDesignName>
<importedID>932729FB-2CCC-9920-1168-8EA52BA8CF27</importedID>
<allowColumnReorder>false</allowColumnReorder>
<existDependencyGenerateInDDl>true</existDependencyGenerateInDDl>
<parsed>true</parsed>
<columns itemClass="oracle.dbtools.crest.model.design.relational.Column">
<Column name="id" id="1873EBB2-A17F-8EA1-E857-2791AF7E7BD4">
<sourceDDLFile>all.ddl</sourceDDLFile>
<createdBy>Student</createdBy>
<createdTime>2020-10-20 09:42:12 UTC</createdTime>
<ownerDesignName>all</ownerDesignName>
<importedID>0048224A-71D5-35BE-5F93-C672A3246645</importedID>
<use>0</use>
<logicalDatatype>LOGDT019</logicalDatatype>
<domain>FF00A895-9497-B3BE-4FF7-F7916FE45404</domain>
<ownDataTypeParameters>,,</ownDataTypeParameters>
<autoIncrementCycle>false</autoIncrementCycle>
</Column>
<Column name="name" id="5AEAED02-86B0-6F8C-99B9-B6A8C56559F3">
<sourceDDLFile>all.ddl</sourceDDLFile>
<createdBy>Student</createdBy>
<createdTime>2020-10-20 09:42:12 UTC</createdTime>
<ownerDesignName>all</ownerDesignName>
<importedID>28BAE6BC-EBE8-A90D-82B4-C8528A555396</importedID>
<nullsAllowed>true</nullsAllowed>
<use>0</use>
<logicalDatatype>LOGDT037</logicalDatatype>
<domain>047E4471-7489-D43D-8538-2B4FB35A61B3</domain>
<ownDataTypeParameters>,,</ownDataTypeParameters>
<autoIncrementCycle>false</autoIncrementCycle>
</Column>
<Column name="first_class_id" id="EBBE158C-5E87-DA8B-48DD-EAEFBF4A4381">
<sourceDDLFile>all.ddl</sourceDDLFile>
<createdBy>Student</createdBy>
<createdTime>2020-10-20 09:42:12 UTC</createdTime>
<ownerDesignName>all</ownerDesignName>
<importedID>218F0083-14AF-AD31-65EA-A0F87A69F77E</importedID>
<use>0</use>
<logicalDatatype>LOGDT019</logicalDatatype>
<domain>1075092A-5B10-F9E7-5C0D-1C5D564A64DD</domain>
<ownDataTypeParameters>,,</ownDataTypeParameters>
<autoIncrementCycle>false</autoIncrementCycle>
<associations>
<colAssociation fkAssociation="CC409651-7CE9-5931-4F1E-9045C4C9521F" referredColumn="C1C9CB1E-F171-323B-4EE2-2D77CE340096"/>
</associations>
</Column>
</columns>
<indexes itemClass="oracle.dbtools.crest.model.design.relational.Index">
<ind_PK_UK id="9EDF3FBC-ECC8-2AF3-C292-403C2D48D0C2" name="second_class_pk">
<sourceDDLFile>all.ddl</sourceDDLFile>
<createdBy>Student</createdBy>
<createdTime>2020-10-20 09:42:12 UTC</createdTime>
<ownerDesignName>all</ownerDesignName>
<importedID>1B304E95-6572-A38E-6458-C79ED65C5B5B</importedID>
<pk>true</pk>
<indexState>Primary Constraint</indexState>
<isSurrogateKey>false</isSurrogateKey>
<indexColumnUsage>
<colUsage columnID="1873EBB2-A17F-8EA1-E857-2791AF7E7BD4"/>
</indexColumnUsage>
</ind_PK_UK>
<ind_PK_UK id="22612827-4F81-524A-87E0-B91E06987670" name="second_class_first_class_fk">
<createdBy>Student</createdBy>
<createdTime>2020-10-20 09:42:12 UTC</createdTime>
<ownerDesignName>all</ownerDesignName>
<indexState>Foreign Key</indexState>
<isSurrogateKey>false</isSurrogateKey>
<indexColumnUsage>
<colUsage columnID="EBBE158C-5E87-DA8B-48DD-EAEFBF4A4381"/>
</indexColumnUsage>
</ind_PK_UK>
</indexes>
</Table>