<?xml version = '1.0' encoding = 'UTF-8'?>
<Table class="oracle.dbtools.crest.model.design.relational.Table" directorySegmentName="seg_0" id="3B2CE22C-67B6-FB91-AE53-7BA35EE18F44" name="item_basic">
<sourceDDLFile>all.ddl</sourceDDLFile>
<createdBy>Student</createdBy>
<createdTime>2020-10-20 09:42:12 UTC</createdTime>
<ownerDesignName>all</ownerDesignName>
<importedID>BD5C3BBD-2F8D-58B6-07F4-68DCEFA9088E</importedID>
<allowColumnReorder>false</allowColumnReorder>
<existDependencyGenerateInDDl>true</existDependencyGenerateInDDl>
<parsed>true</parsed>
<columns itemClass="oracle.dbtools.crest.model.design.relational.Column">
<Column name="seqno" id="F87A74B3-EC6C-BF42-0504-6B73D4E290CA">
<sourceDDLFile>all.ddl</sourceDDLFile>
<createdBy>Student</createdBy>
<createdTime>2020-10-20 09:42:12 UTC</createdTime>
<ownerDesignName>all</ownerDesignName>
<importedID>FF54EC38-05E2-19D7-2E7B-510B3B9F8127</importedID>
<use>0</use>
<logicalDatatype>LOGDT019</logicalDatatype>
<domain>06F76DA7-9361-A6B4-9431-591B905E9DB1</domain>
<ownDataTypeParameters>,,</ownDataTypeParameters>
<autoIncrementCycle>false</autoIncrementCycle>
</Column>
<Column name="name" id="F008DF0D-D0D2-CC17-1AA3-B0D0F506FA09">
<sourceDDLFile>all.ddl</sourceDDLFile>
<createdBy>Student</createdBy>
<createdTime>2020-10-20 09:42:12 UTC</createdTime>
<ownerDesignName>all</ownerDesignName>
<importedID>58ABF2AA-0A82-42C9-5CC1-467665F8FEB0</importedID>
<use>0</use>
<logicalDatatype>LOGDT037</logicalDatatype>
<domain>047E4471-7489-D43D-8538-2B4FB35A61B3</domain>
<ownDataTypeParameters>,,</ownDataTypeParameters>
<autoIncrementCycle>false</autoIncrementCycle>
</Column>
<Column name="sotck" id="E8E20C0F-3FFE-A1B7-2A94-4476249D034F">
<sourceDDLFile>all.ddl</sourceDDLFile>
<createdBy>Student</createdBy>
<createdTime>2020-10-20 09:42:12 UTC</createdTime>
<ownerDesignName>all</ownerDesignName>
<importedID>F0E723DD-D71D-6982-563F-ADE45247C51A</importedID>
<use>0</use>
<logicalDatatype>LOGDT019</logicalDatatype>
<domain>D783EC51-F784-5C9A-999C-B0995F0C89A3</domain>
<ownDataTypeParameters>,,</ownDataTypeParameters>
<autoIncrementCycle>false</autoIncrementCycle>
</Column>
<Column name="second_class_id" id="030AEB2D-1584-F314-A97A-72BF29A32AD2">
<sourceDDLFile>all.ddl</sourceDDLFile>
<createdBy>Student</createdBy>
<createdTime>2020-10-20 09:42:12 UTC</createdTime>
<ownerDesignName>all</ownerDesignName>
<importedID>8479E0D6-8BC6-9CD2-A8DF-02BF3D024E42</importedID>
<use>0</use>
<logicalDatatype>LOGDT019</logicalDatatype>
<domain>FF00A895-9497-B3BE-4FF7-F7916FE45404</domain>
<ownDataTypeParameters>,,</ownDataTypeParameters>
<autoIncrementCycle>false</autoIncrementCycle>
<associations>
<colAssociation fkAssociation="ABD19E7B-288A-D690-162E-B9B95E0E1484" referredColumn="1873EBB2-A17F-8EA1-E857-2791AF7E7BD4"/>
</associations>
</Column>
<Column name="first_class_id" id="A35F74F9-366C-05F7-6B62-F68C1C308460">
<sourceDDLFile>all.ddl</sourceDDLFile>
<createdBy>Student</createdBy>
<createdTime>2020-10-20 09:42:12 UTC</createdTime>
<ownerDesignName>all</ownerDesignName>
<importedID>2DC22210-8E11-B686-E439-54E52A513A4F</importedID>
<use>0</use>
<logicalDatatype>LOGDT019</logicalDatatype>
<domain>1075092A-5B10-F9E7-5C0D-1C5D564A64DD</domain>
<ownDataTypeParameters>,,</ownDataTypeParameters>
<autoIncrementCycle>false</autoIncrementCycle>
<associations>
<colAssociation fkAssociation="CD1E5CE4-2B57-7E4C-99B1-43CF80E87F58" referredColumn="C1C9CB1E-F171-323B-4EE2-2D77CE340096"/>
</associations>
</Column>
</columns>
<indexes itemClass="oracle.dbtools.crest.model.design.relational.Index">
<ind_PK_UK id="173F9A81-9D1C-A889-08E6-C88A586ABFD1" name="shopitem_pk">
<sourceDDLFile>all.ddl</sourceDDLFile>
<createdBy>Student</createdBy>
<createdTime>2020-10-20 09:42:12 UTC</createdTime>
<ownerDesignName>all</ownerDesignName>
<importedID>FB980245-D73E-80AD-2671-1788CC0E1F53</importedID>
<pk>true</pk>
<indexState>Primary Constraint</indexState>
<isSurrogateKey>false</isSurrogateKey>
<indexColumnUsage>
<colUsage columnID="F87A74B3-EC6C-BF42-0504-6B73D4E290CA"/>
</indexColumnUsage>
</ind_PK_UK>
<ind_PK_UK id="FC95B6E9-DB86-1BFC-2BA0-FEF75F960895" name="itembasic__idxv1">
<sourceDDLFile>all.ddl</sourceDDLFile>
<createdBy>Student</createdBy>
<createdTime>2020-10-20 09:42:12 UTC</createdTime>
<ownerDesignName>all</ownerDesignName>
<importedID>62CE367D-4A6C-1D93-D18E-56F40F803F30</importedID>
<isSurrogateKey>false</isSurrogateKey>
<indexColumnUsage>
<colUsage columnID="F87A74B3-EC6C-BF42-0504-6B73D4E290CA"/>
<colUsage columnID="E8E20C0F-3FFE-A1B7-2A94-4476249D034F"/>
</indexColumnUsage>
</ind_PK_UK>
<ind_PK_UK id="78BD3715-EBE2-DC25-C7D2-C969D55B35CA" name="itembasic_first_class_fk">
<createdBy>Student</createdBy>
<createdTime>2020-10-20 09:42:12 UTC</createdTime>
<ownerDesignName>all</ownerDesignName>
<indexState>Foreign Key</indexState>
<isSurrogateKey>false</isSurrogateKey>
<indexColumnUsage>
<colUsage columnID="A35F74F9-366C-05F7-6B62-F68C1C308460"/>
</indexColumnUsage>
</ind_PK_UK>
<ind_PK_UK id="F64AD81A-A2F4-3551-2DB6-6972222926AB" name="itembasic_second_class_fk">
<createdBy>Student</createdBy>
<createdTime>2020-10-20 09:42:12 UTC</createdTime>
<ownerDesignName>all</ownerDesignName>
<indexState>Foreign Key</indexState>
<isSurrogateKey>false</isSurrogateKey>
<indexColumnUsage>
<colUsage columnID="030AEB2D-1584-F314-A97A-72BF29A32AD2"/>
</indexColumnUsage>
</ind_PK_UK>
</indexes>
</Table>