<?xml version = '1.0' encoding = 'UTF-8'?>
<Table class="oracle.dbtools.crest.model.design.relational.Table" directorySegmentName="seg_0" id="59CA7D81-55FB-8F75-7527-18D81F5DE97F" name="route_info">
<sourceDDLFile>all.ddl</sourceDDLFile>
<createdBy>Student</createdBy>
<createdTime>2020-10-20 09:42:12 UTC</createdTime>
<ownerDesignName>all</ownerDesignName>
<importedID>FC92D770-874C-4792-8ADC-F09156327356</importedID>
<allowColumnReorder>false</allowColumnReorder>
<existDependencyGenerateInDDl>true</existDependencyGenerateInDDl>
<parsed>true</parsed>
<columns itemClass="oracle.dbtools.crest.model.design.relational.Column">
<Column name="route_basic_id" id="1BB31AF2-8597-17A7-E8DE-899ED7F41281">
<sourceDDLFile>all.ddl</sourceDDLFile>
<createdBy>Student</createdBy>
<createdTime>2020-10-20 09:42:12 UTC</createdTime>
<ownerDesignName>all</ownerDesignName>
<importedID>DCC428B2-7ACE-05FA-A8FD-0BB4E904F466</importedID>
<use>0</use>
<logicalDatatype>LOGDT019</logicalDatatype>
<domain>FF00A895-9497-B3BE-4FF7-F7916FE45404</domain>
<ownDataTypeParameters>,,</ownDataTypeParameters>
<autoIncrementCycle>false</autoIncrementCycle>
<associations>
<colAssociation fkAssociation="AE730535-06DD-59A3-CAFF-83548B44EAFA" referredColumn="B4746B90-FA35-EC02-429D-D7C800F823C8"/>
</associations>
</Column>
<Column name="name" id="1D9C4FBF-2C50-6630-8356-4C6042EED3EE">
<sourceDDLFile>all.ddl</sourceDDLFile>
<createdBy>Student</createdBy>
<createdTime>2020-10-20 09:42:12 UTC</createdTime>
<ownerDesignName>all</ownerDesignName>
<importedID>06C195E6-89C1-FCB8-EE9D-DF80CE8CB24F</importedID>
<use>0</use>
<logicalDatatype>LOGDT037</logicalDatatype>
<domain>047E4471-7489-D43D-8538-2B4FB35A61B3</domain>
<ownDataTypeParameters>,,</ownDataTypeParameters>
<autoIncrementCycle>false</autoIncrementCycle>
</Column>
<Column name="description" id="A45702CD-8AEC-40B2-6703-75948081F8A6">
<sourceDDLFile>all.ddl</sourceDDLFile>
<createdBy>Student</createdBy>
<createdTime>2020-10-20 09:42:12 UTC</createdTime>
<ownerDesignName>all</ownerDesignName>
<importedID>DBC7F848-2CE1-BE42-63F3-4D5F96B5F911</importedID>
<nullsAllowed>true</nullsAllowed>
<use>0</use>
<logicalDatatype>LOGDT029</logicalDatatype>
<domain>39A93B16-327A-74AA-D7BD-EF42EDB96A9D</domain>
<ownDataTypeParameters>,,</ownDataTypeParameters>
<autoIncrementCycle>false</autoIncrementCycle>
</Column>
<Column name="advice" id="D32EE95F-9282-A98C-C2BA-3000288E10AC">
<sourceDDLFile>all.ddl</sourceDDLFile>
<createdBy>Student</createdBy>
<createdTime>2020-10-20 09:42:12 UTC</createdTime>
<ownerDesignName>all</ownerDesignName>
<importedID>55059983-5313-C12D-B405-0D06E17C0EB1</importedID>
<nullsAllowed>true</nullsAllowed>
<use>0</use>
<logicalDatatype>LOGDT029</logicalDatatype>
<domain>39A93B16-327A-74AA-D7BD-EF42EDB96A9D</domain>
<ownDataTypeParameters>,,</ownDataTypeParameters>
<autoIncrementCycle>false</autoIncrementCycle>
</Column>
<Column name="traffic" id="1BF18CD3-1DFE-305C-CB95-C7C6931EA2D8">
<sourceDDLFile>all.ddl</sourceDDLFile>
<createdBy>Student</createdBy>
<createdTime>2020-10-20 09:42:12 UTC</createdTime>
<ownerDesignName>all</ownerDesignName>
<importedID>243C85DB-19B9-E68C-8EB8-9E5B4CBF4F35</importedID>
<nullsAllowed>true</nullsAllowed>
<use>0</use>
<logicalDatatype>LOGDT029</logicalDatatype>
<domain>39A93B16-327A-74AA-D7BD-EF42EDB96A9D</domain>
<ownDataTypeParameters>,,</ownDataTypeParameters>
<autoIncrementCycle>false</autoIncrementCycle>
</Column>
<Column name="img_url" id="514174C7-5C04-B984-D6EC-CC682A918F48">
<sourceDDLFile>all.ddl</sourceDDLFile>
<createdBy>Student</createdBy>
<createdTime>2020-10-20 09:42:12 UTC</createdTime>
<ownerDesignName>all</ownerDesignName>
<importedID>96D59DC7-9A91-1004-AEF7-457D5FD8073D</importedID>
<nullsAllowed>true</nullsAllowed>
<use>0</use>
<logicalDatatype>LOGDT029</logicalDatatype>
<domain>39A93B16-327A-74AA-D7BD-EF42EDB96A9D</domain>
<ownDataTypeParameters>,,</ownDataTypeParameters>
<autoIncrementCycle>false</autoIncrementCycle>
</Column>
</columns>
<indexes itemClass="oracle.dbtools.crest.model.design.relational.Index">
<ind_PK_UK id="36F892A2-BCDC-9BED-FB9F-B3818EBD3B9E" name="routeinfo_pk">
<sourceDDLFile>all.ddl</sourceDDLFile>
<createdBy>Student</createdBy>
<createdTime>2020-10-20 09:42:12 UTC</createdTime>
<ownerDesignName>all</ownerDesignName>
<importedID>0D572D68-4941-0633-4AB3-BF549513281D</importedID>
<pk>true</pk>
<indexState>Primary Constraint</indexState>
<isSurrogateKey>false</isSurrogateKey>
<indexColumnUsage>
<colUsage columnID="1BB31AF2-8597-17A7-E8DE-899ED7F41281"/>
</indexColumnUsage>
</ind_PK_UK>
<ind_PK_UK id="B50EF73B-F364-8861-068A-F2189B3D2E19" name="route_info_route_basic_fk">
<createdBy>Student</createdBy>
<createdTime>2020-10-20 09:42:12 UTC</createdTime>
<ownerDesignName>all</ownerDesignName>
<indexState>Foreign Key</indexState>
<isSurrogateKey>false</isSurrogateKey>
<indexColumnUsage>
<colUsage columnID="1BB31AF2-8597-17A7-E8DE-899ED7F41281"/>
</indexColumnUsage>
</ind_PK_UK>
</indexes>
</Table>