<?xml version = '1.0' encoding = 'UTF-8'?>
<Table class="oracle.dbtools.crest.model.design.relational.Table" directorySegmentName="seg_0" id="5ECEEC7A-31F7-FD3A-3208-0E9D98572B98" name="member_basic">
<sourceDDLFile>all.ddl</sourceDDLFile>
<createdBy>Student</createdBy>
<createdTime>2020-10-20 09:42:12 UTC</createdTime>
<ownerDesignName>all</ownerDesignName>
<importedID>351E77A0-6D9E-D50E-545C-5F6505D28541</importedID>
<allowColumnReorder>false</allowColumnReorder>
<existDependencyGenerateInDDl>true</existDependencyGenerateInDDl>
<parsed>true</parsed>
<columns itemClass="oracle.dbtools.crest.model.design.relational.Column">
<Column name="id" id="1F6AFFD3-5860-2C3E-D7B1-8A10B0C5DACD">
<sourceDDLFile>all.ddl</sourceDDLFile>
<createdBy>Student</createdBy>
<createdTime>2020-10-20 09:42:12 UTC</createdTime>
<ownerDesignName>all</ownerDesignName>
<importedID>84D130A6-5CA9-F95F-35E3-7B27056AAEA3</importedID>
<use>0</use>
<logicalDatatype>LOGDT019</logicalDatatype>
<domain>986EEAE0-38DE-C8A9-B2B6-2C7F95775129</domain>
<ownDataTypeParameters>,,</ownDataTypeParameters>
<autoIncrementCycle>false</autoIncrementCycle>
</Column>
<Column name="account" id="2058BFEF-D59C-E639-4322-747F1C75A942">
<sourceDDLFile>all.ddl</sourceDDLFile>
<createdBy>Student</createdBy>
<createdTime>2020-10-20 09:42:12 UTC</createdTime>
<ownerDesignName>all</ownerDesignName>
<importedID>1A1DFC3D-37CF-9270-D094-5E49384A1FB2</importedID>
<use>0</use>
<logicalDatatype>LOGDT024</logicalDatatype>
<domain>AC27BF35-784F-A1A4-21C9-F6964570B680</domain>
<ownDataTypeParameters>,,</ownDataTypeParameters>
<autoIncrementCycle>false</autoIncrementCycle>
</Column>
<Column name="last_name" id="465A066F-A0E6-DE2B-B859-4F1875653AB3">
<sourceDDLFile>all.ddl</sourceDDLFile>
<createdBy>Student</createdBy>
<createdTime>2020-10-20 09:42:12 UTC</createdTime>
<ownerDesignName>all</ownerDesignName>
<importedID>AF61A7EB-3CF0-A1CD-6A2E-E76D90BE08BB</importedID>
<use>0</use>
<logicalDatatype>LOGDT037</logicalDatatype>
<domain>047E4471-7489-D43D-8538-2B4FB35A61B3</domain>
<ownDataTypeParameters>,,</ownDataTypeParameters>
<autoIncrementCycle>false</autoIncrementCycle>
</Column>
<Column name="first_name" id="5A4E59CB-D8B5-11B1-2568-08E0924EA485">
<sourceDDLFile>all.ddl</sourceDDLFile>
<createdBy>Student</createdBy>
<createdTime>2020-10-20 09:42:12 UTC</createdTime>
<ownerDesignName>all</ownerDesignName>
<importedID>030F3041-BB89-DC08-8ADA-E030A4A7B35D</importedID>
<use>0</use>
<logicalDatatype>LOGDT024</logicalDatatype>
<domain>AC27BF35-784F-A1A4-21C9-F6964570B680</domain>
<ownDataTypeParameters>,,</ownDataTypeParameters>
<autoIncrementCycle>false</autoIncrementCycle>
</Column>
<Column name="email" id="9A1E2E1A-3FEB-C600-78BE-73E9DEF7220C">
<sourceDDLFile>all.ddl</sourceDDLFile>
<createdBy>Student</createdBy>
<createdTime>2020-10-20 09:42:12 UTC</createdTime>
<ownerDesignName>all</ownerDesignName>
<importedID>9A33E0D2-A377-273C-7C9E-8F13225D2F4B</importedID>
<use>0</use>
<logicalDatatype>LOGDT024</logicalDatatype>
<domain>AC27BF35-784F-A1A4-21C9-F6964570B680</domain>
<ownDataTypeParameters>,,</ownDataTypeParameters>
<autoIncrementCycle>false</autoIncrementCycle>
</Column>
<Column name="member_status_id" id="E89D379A-9856-90CF-D6B3-CC86D61AA227">
<sourceDDLFile>all.ddl</sourceDDLFile>
<createdBy>Student</createdBy>
<createdTime>2020-10-20 09:42:12 UTC</createdTime>
<ownerDesignName>all</ownerDesignName>
<importedID>6BA35068-0A4B-5506-F1D2-3BA620C0A2DA</importedID>
<use>0</use>
<logicalDatatype>LOGDT035</logicalDatatype>
<domain>9C9790BF-EC18-C1D2-B893-73EC623C89D0</domain>
<ownDataTypeParameters>,,</ownDataTypeParameters>
<autoIncrementCycle>false</autoIncrementCycle>
<associations>
<colAssociation fkAssociation="B618E9D3-AD89-FD62-53E4-6F8154798B30" referredColumn="EA901F52-CD81-41A7-497E-24037778AF2D"/>
</associations>
</Column>
<Column name="reg_date" id="2300147A-44DE-104E-D86E-5C86372C1595">
<sourceDDLFile>all.ddl</sourceDDLFile>
<createdBy>Student</createdBy>
<createdTime>2020-10-20 09:42:12 UTC</createdTime>
<ownerDesignName>all</ownerDesignName>
<importedID>295D277A-BE78-762C-9626-8472526EDA7E</importedID>
<use>0</use>
<logicalDatatype>LOGDT007</logicalDatatype>
<domain>44EB3A79-E7C2-2113-1FA5-7D936B3C4F02</domain>
<ownDataTypeParameters>,,</ownDataTypeParameters>
<autoIncrementCycle>false</autoIncrementCycle>
</Column>
</columns>
<indexes itemClass="oracle.dbtools.crest.model.design.relational.Index">
<ind_PK_UK id="C8F9B246-337A-9D22-227F-945ECDBEEA77" name="memberid_pk">
<sourceDDLFile>all.ddl</sourceDDLFile>
<createdBy>Student</createdBy>
<createdTime>2020-10-20 09:42:12 UTC</createdTime>
<ownerDesignName>all</ownerDesignName>
<importedID>DD3DF76C-56F5-63F1-2F26-CC42DB4D41B2</importedID>
<pk>true</pk>
<indexState>Primary Constraint</indexState>
<isSurrogateKey>false</isSurrogateKey>
<indexColumnUsage>
<colUsage columnID="1F6AFFD3-5860-2C3E-D7B1-8A10B0C5DACD"/>
</indexColumnUsage>
</ind_PK_UK>
<ind_PK_UK id="9F974C56-ABA0-DBCF-34AF-76694A9CE088" name="member_basic_member_status_fk">
<createdBy>Student</createdBy>
<createdTime>2020-10-20 09:42:12 UTC</createdTime>
<ownerDesignName>all</ownerDesignName>
<indexState>Foreign Key</indexState>
<isSurrogateKey>false</isSurrogateKey>
<indexColumnUsage>
<colUsage columnID="E89D379A-9856-90CF-D6B3-CC86D61AA227"/>
</indexColumnUsage>
</ind_PK_UK>
</indexes>
</Table>