<?xml version = '1.0' encoding = 'UTF-8'?>
<Table class="oracle.dbtools.crest.model.design.relational.Table" directorySegmentName="seg_0" id="650849AF-A5FC-E3D3-E593-C8C110826DB0" name="house_info">
<sourceDDLFile>all.ddl</sourceDDLFile>
<createdBy>Student</createdBy>
<createdTime>2020-10-20 09:42:12 UTC</createdTime>
<ownerDesignName>all</ownerDesignName>
<importedID>24FB5966-EE6B-6324-237B-18A8AE37E36D</importedID>
<allowColumnReorder>false</allowColumnReorder>
<existDependencyGenerateInDDl>true</existDependencyGenerateInDDl>
<parsed>true</parsed>
<columns itemClass="oracle.dbtools.crest.model.design.relational.Column">
<Column name="house_basic_id" id="E4D143D3-25A5-71BD-D6D9-1D0D4ED42A79">
<sourceDDLFile>all.ddl</sourceDDLFile>
<createdBy>Student</createdBy>
<createdTime>2020-10-20 09:42:12 UTC</createdTime>
<ownerDesignName>all</ownerDesignName>
<importedID>793D0E10-EA0B-0580-5CAD-5F6EBC7727CA</importedID>
<use>0</use>
<logicalDatatype>LOGDT019</logicalDatatype>
<domain>D783EC51-F784-5C9A-999C-B0995F0C89A3</domain>
<ownDataTypeParameters>,,</ownDataTypeParameters>
<autoIncrementCycle>false</autoIncrementCycle>
<associations>
<colAssociation fkAssociation="6E8663C0-EBD2-0EE7-CF9B-B1C97C8A378B" referredColumn="F6876922-F7D5-4106-FE3C-B61950BF2B10"/>
</associations>
</Column>
<Column name="name" id="04A56F06-5109-621C-A577-0F4404003407">
<sourceDDLFile>all.ddl</sourceDDLFile>
<createdBy>Student</createdBy>
<createdTime>2020-10-20 09:42:12 UTC</createdTime>
<ownerDesignName>all</ownerDesignName>
<importedID>5DA40E04-79FC-599F-70D3-ACCAFC1F0B86</importedID>
<use>0</use>
<logicalDatatype>LOGDT037</logicalDatatype>
<domain>047E4471-7489-D43D-8538-2B4FB35A61B3</domain>
<ownDataTypeParameters>,,</ownDataTypeParameters>
<autoIncrementCycle>false</autoIncrementCycle>
</Column>
<Column name="bed" id="2B65E2EF-0E23-5700-125A-A33194D22550">
<sourceDDLFile>all.ddl</sourceDDLFile>
<createdBy>Student</createdBy>
<createdTime>2020-10-20 09:42:12 UTC</createdTime>
<ownerDesignName>all</ownerDesignName>
<importedID>B1B61A3E-12D8-2339-EF60-A2E14BC99585</importedID>
<nullsAllowed>true</nullsAllowed>
<use>0</use>
<logicalDatatype>LOGDT019</logicalDatatype>
<domain>1075092A-5B10-F9E7-5C0D-1C5D564A64DD</domain>
<ownDataTypeParameters>,,</ownDataTypeParameters>
<autoIncrementCycle>false</autoIncrementCycle>
</Column>
<Column name="camp" id="5908CCC3-6C50-9FB2-8B8C-CC19A34507E9">
<sourceDDLFile>all.ddl</sourceDDLFile>
<createdBy>Student</createdBy>
<createdTime>2020-10-20 09:42:12 UTC</createdTime>
<ownerDesignName>all</ownerDesignName>
<importedID>3FC1A18F-A266-424E-834D-5B5A8B6476E1</importedID>
<nullsAllowed>true</nullsAllowed>
<use>0</use>
<logicalDatatype>LOGDT019</logicalDatatype>
<domain>1075092A-5B10-F9E7-5C0D-1C5D564A64DD</domain>
<ownDataTypeParameters>,,</ownDataTypeParameters>
<autoIncrementCycle>false</autoIncrementCycle>
</Column>
<Column name="height" id="8BF2BACD-2528-89F9-6103-A9EB3ECAC083">
<sourceDDLFile>all.ddl</sourceDDLFile>
<createdBy>Student</createdBy>
<createdTime>2020-10-20 09:42:12 UTC</createdTime>
<ownerDesignName>all</ownerDesignName>
<nameHasQuotes>true</nameHasQuotes>
<importedID>ED13773A-5BF6-4429-2C4C-25B8C421F7A8</importedID>
<nullsAllowed>true</nullsAllowed>
<use>0</use>
<logicalDatatype>LOGDT024</logicalDatatype>
<domain>4324B6DE-3A5F-0670-A7D0-2ED1E3C1D349</domain>
<ownDataTypeParameters>,,</ownDataTypeParameters>
<autoIncrementCycle>false</autoIncrementCycle>
</Column>
</columns>
<indexes itemClass="oracle.dbtools.crest.model.design.relational.Index">
<ind_PK_UK id="6F082B1E-6C92-B424-A84C-75F568EBDAF2" name="house_info_pk">
<sourceDDLFile>all.ddl</sourceDDLFile>
<createdBy>Student</createdBy>
<createdTime>2020-10-20 09:42:12 UTC</createdTime>
<ownerDesignName>all</ownerDesignName>
<importedID>08775850-A541-E426-AD48-9CA047A4EC54</importedID>
<pk>true</pk>
<indexState>Primary Constraint</indexState>
<isSurrogateKey>false</isSurrogateKey>
<indexColumnUsage>
<colUsage columnID="E4D143D3-25A5-71BD-D6D9-1D0D4ED42A79"/>
</indexColumnUsage>
</ind_PK_UK>
<ind_PK_UK id="32E28556-947F-3846-BFED-F4F6384E7600" name="house_info_house_basic_fk">
<createdBy>Student</createdBy>
<createdTime>2020-10-20 09:42:12 UTC</createdTime>
<ownerDesignName>all</ownerDesignName>
<indexState>Foreign Key</indexState>
<isSurrogateKey>false</isSurrogateKey>
<indexColumnUsage>
<colUsage columnID="E4D143D3-25A5-71BD-D6D9-1D0D4ED42A79"/>
</indexColumnUsage>
</ind_PK_UK>
</indexes>
</Table>