<?xml version = '1.0' encoding = 'UTF-8'?>
<Table class="oracle.dbtools.crest.model.design.relational.Table" directorySegmentName="seg_0" id="80526709-2E59-A759-FBD2-BE6E9D5BE604" name="camp_info">
<sourceDDLFile>all.ddl</sourceDDLFile>
<createdBy>Student</createdBy>
<createdTime>2020-10-20 09:42:12 UTC</createdTime>
<ownerDesignName>all</ownerDesignName>
<importedID>79079029-F865-7DE3-6537-18F470CD869B</importedID>
<allowColumnReorder>false</allowColumnReorder>
<existDependencyGenerateInDDl>true</existDependencyGenerateInDDl>
<parsed>true</parsed>
<columns itemClass="oracle.dbtools.crest.model.design.relational.Column">
<Column name="campbasic_id" id="6C0CAC8F-A995-34FB-F3EB-080DCD8ECFEF">
<sourceDDLFile>all.ddl</sourceDDLFile>
<createdBy>Student</createdBy>
<createdTime>2020-10-20 09:42:12 UTC</createdTime>
<ownerDesignName>all</ownerDesignName>
<importedID>10C1E02D-45E3-D4B1-E07D-E1A0DFE6A274</importedID>
<use>0</use>
<logicalDatatype>LOGDT019</logicalDatatype>
<domain>D783EC51-F784-5C9A-999C-B0995F0C89A3</domain>
<ownDataTypeParameters>,,</ownDataTypeParameters>
<autoIncrementCycle>false</autoIncrementCycle>
<associations>
<colAssociation fkAssociation="E0344DBB-C43B-F72F-36EF-9D89E6403365" referredColumn="7104FFF6-79D3-26AC-B8C8-F7753C76A7F2"/>
</associations>
</Column>
<Column name="name" id="71E7602E-7ADE-5155-51A2-B45D27B8D227">
<sourceDDLFile>all.ddl</sourceDDLFile>
<createdBy>Student</createdBy>
<createdTime>2020-10-20 09:42:12 UTC</createdTime>
<ownerDesignName>all</ownerDesignName>
<importedID>4CB64C71-45A3-058A-0A78-47A98CC783E2</importedID>
<nullsAllowed>true</nullsAllowed>
<use>0</use>
<logicalDatatype>LOGDT037</logicalDatatype>
<domain>047E4471-7489-D43D-8538-2B4FB35A61B3</domain>
<ownDataTypeParameters>,,</ownDataTypeParameters>
<autoIncrementCycle>false</autoIncrementCycle>
</Column>
<Column name="location" id="0ACC0745-1650-B9DE-27DC-B35026550ACD">
<sourceDDLFile>all.ddl</sourceDDLFile>
<createdBy>Student</createdBy>
<createdTime>2020-10-20 09:42:12 UTC</createdTime>
<ownerDesignName>all</ownerDesignName>
<importedID>7264B7D7-508D-B884-9CB7-186A81FC7D97</importedID>
<nullsAllowed>true</nullsAllowed>
<use>0</use>
<logicalDatatype>LOGDT024</logicalDatatype>
<domain>4324B6DE-3A5F-0670-A7D0-2ED1E3C1D349</domain>
<ownDataTypeParameters>,,</ownDataTypeParameters>
<autoIncrementCycle>false</autoIncrementCycle>
</Column>
<Column name="description" id="67F747B2-C4FF-2CF8-18EE-6BC4FE1AA4C6">
<sourceDDLFile>all.ddl</sourceDDLFile>
<createdBy>Student</createdBy>
<createdTime>2020-10-20 09:42:12 UTC</createdTime>
<ownerDesignName>all</ownerDesignName>
<importedID>762BEE52-71BE-005F-841E-8EC5997F88C1</importedID>
<nullsAllowed>true</nullsAllowed>
<use>0</use>
<logicalDatatype>LOGDT029</logicalDatatype>
<domain>39A93B16-327A-74AA-D7BD-EF42EDB96A9D</domain>
<ownDataTypeParameters>,,</ownDataTypeParameters>
<autoIncrementCycle>false</autoIncrementCycle>
</Column>
</columns>
<indexes itemClass="oracle.dbtools.crest.model.design.relational.Index">
<ind_PK_UK id="E65BABDE-16EC-8E27-9ED6-17EDA51C6C0A" name="camp_pk">
<sourceDDLFile>all.ddl</sourceDDLFile>
<createdBy>Student</createdBy>
<createdTime>2020-10-20 09:42:12 UTC</createdTime>
<ownerDesignName>all</ownerDesignName>
<importedID>C059B604-C59C-F22D-35BD-8E99A92C297B</importedID>
<pk>true</pk>
<indexState>Primary Constraint</indexState>
<isSurrogateKey>false</isSurrogateKey>
<indexColumnUsage>
<colUsage columnID="6C0CAC8F-A995-34FB-F3EB-080DCD8ECFEF"/>
</indexColumnUsage>
</ind_PK_UK>
<ind_PK_UK id="ECEB75A8-92BA-9D4E-C996-0A13A900C5E1" name="camp_campv1_fk">
<createdBy>Student</createdBy>
<createdTime>2020-10-20 09:42:12 UTC</createdTime>
<ownerDesignName>all</ownerDesignName>
<indexState>Foreign Key</indexState>
<isSurrogateKey>false</isSurrogateKey>
<indexColumnUsage>
<colUsage columnID="6C0CAC8F-A995-34FB-F3EB-080DCD8ECFEF"/>
</indexColumnUsage>
</ind_PK_UK>
</indexes>
</Table>