<?xml version = '1.0' encoding = 'UTF-8'?>
<Table class="oracle.dbtools.crest.model.design.relational.Table" directorySegmentName="seg_0" id="864B6FEB-6654-FF3F-76E9-DFB180D4EF26" name="member_privacy">
<sourceDDLFile>all.ddl</sourceDDLFile>
<createdBy>Student</createdBy>
<createdTime>2020-10-20 09:42:12 UTC</createdTime>
<ownerDesignName>all</ownerDesignName>
<importedID>6F313200-6525-1608-A6EC-2F58B1C9164D</importedID>
<allowColumnReorder>false</allowColumnReorder>
<existDependencyGenerateInDDl>true</existDependencyGenerateInDDl>
<parsed>true</parsed>
<columns itemClass="oracle.dbtools.crest.model.design.relational.Column">
<Column name="memberbasic_id" id="C3B507AC-34FC-DFCB-7D5E-761A933BA7BE">
<sourceDDLFile>all.ddl</sourceDDLFile>
<createdBy>Student</createdBy>
<createdTime>2020-10-20 09:42:12 UTC</createdTime>
<ownerDesignName>all</ownerDesignName>
<importedID>9118F577-1FFF-ABDD-E3F2-9AC733AA880B</importedID>
<use>0</use>
<logicalDatatype>LOGDT019</logicalDatatype>
<domain>986EEAE0-38DE-C8A9-B2B6-2C7F95775129</domain>
<ownDataTypeParameters>,,</ownDataTypeParameters>
<autoIncrementCycle>false</autoIncrementCycle>
<associations>
<colAssociation fkAssociation="B5150325-4FBF-2DE8-91D3-77DEB161117F" referredColumn="1F6AFFD3-5860-2C3E-D7B1-8A10B0C5DACD"/>
</associations>
</Column>
<Column name="password" id="6CE2FEF7-F62B-5B21-14CA-541B1F836FEC">
<sourceDDLFile>all.ddl</sourceDDLFile>
<createdBy>Student</createdBy>
<createdTime>2020-10-20 09:42:12 UTC</createdTime>
<ownerDesignName>all</ownerDesignName>
<importedID>E971BF5B-1050-346F-8822-BFE69806BE3D</importedID>
<use>0</use>
<logicalDatatype>LOGDT024</logicalDatatype>
<domain>C37A8C62-3E49-3E29-A271-4234C42999A4</domain>
<ownDataTypeParameters>,,</ownDataTypeParameters>
<autoIncrementCycle>false</autoIncrementCycle>
</Column>
</columns>
<indexes itemClass="oracle.dbtools.crest.model.design.relational.Index">
<ind_PK_UK id="03329103-AF11-9416-96B1-F6A2E4ADFF4A" name="memberpwd_pk">
<sourceDDLFile>all.ddl</sourceDDLFile>
<createdBy>Student</createdBy>
<createdTime>2020-10-20 09:42:12 UTC</createdTime>
<ownerDesignName>all</ownerDesignName>
<importedID>00FED5D4-D827-52E8-6528-50377EC0C4CE</importedID>
<pk>true</pk>
<indexState>Primary Constraint</indexState>
<isSurrogateKey>false</isSurrogateKey>
<indexColumnUsage>
<colUsage columnID="C3B507AC-34FC-DFCB-7D5E-761A933BA7BE"/>
</indexColumnUsage>
</ind_PK_UK>
<ind_PK_UK id="05D6D162-85C2-2E8E-3FE7-2146EC5C9D39" name="memberpwd_memberbasic_fk">
<createdBy>Student</createdBy>
<createdTime>2020-10-20 09:42:12 UTC</createdTime>
<ownerDesignName>all</ownerDesignName>
<indexState>Foreign Key</indexState>
<isSurrogateKey>false</isSurrogateKey>
<indexColumnUsage>
<colUsage columnID="C3B507AC-34FC-DFCB-7D5E-761A933BA7BE"/>
</indexColumnUsage>
</ind_PK_UK>
</indexes>
</Table>