<?xml version = '1.0' encoding = 'UTF-8'?>
<Table class="oracle.dbtools.crest.model.design.relational.Table" directorySegmentName="seg_0" id="8EFEB43E-C8AC-065B-4C25-D107F7A87DF0" name="activity_response">
<sourceDDLFile>all.ddl</sourceDDLFile>
<createdBy>Student</createdBy>
<createdTime>2020-10-20 09:42:12 UTC</createdTime>
<ownerDesignName>all</ownerDesignName>
<importedID>A221E795-AC4A-4D0F-55D1-65F4096C1B7A</importedID>
<allowColumnReorder>false</allowColumnReorder>
<existDependencyGenerateInDDl>true</existDependencyGenerateInDDl>
<parsed>true</parsed>
<columns itemClass="oracle.dbtools.crest.model.design.relational.Column">
<Column name="seqno" id="DADD51F3-2DF7-A65F-7EA2-75C4DBCA1F94">
<sourceDDLFile>all.ddl</sourceDDLFile>
<createdBy>Student</createdBy>
<createdTime>2020-10-20 09:42:12 UTC</createdTime>
<ownerDesignName>all</ownerDesignName>
<importedID>56A15B6E-D6D1-4184-FD81-DC3EDEFC2818</importedID>
<use>0</use>
<logicalDatatype>LOGDT019</logicalDatatype>
<domain>6637EA04-4FE9-3690-BA48-99545B5935A4</domain>
<ownDataTypeParameters>,,</ownDataTypeParameters>
<autoIncrementCycle>false</autoIncrementCycle>
</Column>
<Column name="activity_basic_seqno" id="8FC0C8B5-141C-F928-718A-14C1926FDC57">
<sourceDDLFile>all.ddl</sourceDDLFile>
<createdBy>Student</createdBy>
<createdTime>2020-10-20 09:42:12 UTC</createdTime>
<ownerDesignName>all</ownerDesignName>
<importedID>F5446C51-C3D8-3DFC-25FD-C580A7A912BD</importedID>
<use>0</use>
<logicalDatatype>LOGDT019</logicalDatatype>
<domain>D783EC51-F784-5C9A-999C-B0995F0C89A3</domain>
<ownDataTypeParameters>,,</ownDataTypeParameters>
<autoIncrementCycle>false</autoIncrementCycle>
<associations>
<colAssociation fkAssociation="788F7A12-D521-0D99-694A-D8D322CF48EE" referredColumn="829FA245-DB4B-3B89-7894-4B56FD63D274"/>
</associations>
</Column>
<Column name="member_basic_id" id="205C5A03-0638-887D-EB87-5BBEF5010D54">
<sourceDDLFile>all.ddl</sourceDDLFile>
<createdBy>Student</createdBy>
<createdTime>2020-10-20 09:42:12 UTC</createdTime>
<ownerDesignName>all</ownerDesignName>
<importedID>B7895B82-31CA-9ABF-38E8-9ECAB3648E60</importedID>
<use>0</use>
<logicalDatatype>LOGDT019</logicalDatatype>
<domain>986EEAE0-38DE-C8A9-B2B6-2C7F95775129</domain>
<ownDataTypeParameters>,,</ownDataTypeParameters>
<autoIncrementCycle>false</autoIncrementCycle>
<associations>
<colAssociation fkAssociation="3494D0D9-00B9-6C70-A728-761521D1C0CE" referredColumn="1F6AFFD3-5860-2C3E-D7B1-8A10B0C5DACD"/>
</associations>
</Column>
<Column name="message" id="9FCA1858-C061-0453-9AF9-023A4BDD4B35">
<sourceDDLFile>all.ddl</sourceDDLFile>
<createdBy>Student</createdBy>
<createdTime>2020-10-20 09:42:12 UTC</createdTime>
<ownerDesignName>all</ownerDesignName>
<importedID>F106FB2A-D91D-2A55-6F44-F14380D041BF</importedID>
<use>0</use>
<logicalDatatype>LOGDT029</logicalDatatype>
<domain>39A93B16-327A-74AA-D7BD-EF42EDB96A9D</domain>
<ownDataTypeParameters>,,</ownDataTypeParameters>
<autoIncrementCycle>false</autoIncrementCycle>
</Column>
<Column name="post_date" id="10ED18A9-BB7C-7D40-1179-BFF713B79C34">
<sourceDDLFile>all.ddl</sourceDDLFile>
<createdBy>Student</createdBy>
<createdTime>2020-10-20 09:42:12 UTC</createdTime>
<ownerDesignName>all</ownerDesignName>
<importedID>56076A83-95B8-1D28-60A1-00E957295F81</importedID>
<use>0</use>
<logicalDatatype>LOGDT007</logicalDatatype>
<domain>44EB3A79-E7C2-2113-1FA5-7D936B3C4F02</domain>
<ownDataTypeParameters>,,</ownDataTypeParameters>
<autoIncrementCycle>false</autoIncrementCycle>
</Column>
<Column name="privatetag" id="6C067CA8-6F80-327F-E122-823E6610DA6F">
<sourceDDLFile>all.ddl</sourceDDLFile>
<createdBy>Student</createdBy>
<createdTime>2020-10-20 09:42:12 UTC</createdTime>
<ownerDesignName>all</ownerDesignName>
<importedID>F5AA38E2-0F2A-B888-0492-2B35525976BA</importedID>
<nullsAllowed>true</nullsAllowed>
<use>0</use>
<logicalDatatype>LOGDT024</logicalDatatype>
<domain>7BDFE941-171F-C129-402F-C183655124A8</domain>
<ownDataTypeParameters>,,</ownDataTypeParameters>
<autoIncrementCycle>false</autoIncrementCycle>
</Column>
</columns>
<indexes itemClass="oracle.dbtools.crest.model.design.relational.Index">
<ind_PK_UK id="A72FD3BD-0906-49D6-7C2E-5E3135ADE75E" name="activity_response_pk">
<sourceDDLFile>all.ddl</sourceDDLFile>
<createdBy>Student</createdBy>
<createdTime>2020-10-20 09:42:12 UTC</createdTime>
<ownerDesignName>all</ownerDesignName>
<importedID>D7B3EC5C-CAFB-691A-0291-7757EEB7495B</importedID>
<pk>true</pk>
<indexState>Primary Constraint</indexState>
<isSurrogateKey>false</isSurrogateKey>
<indexColumnUsage>
<colUsage columnID="DADD51F3-2DF7-A65F-7EA2-75C4DBCA1F94"/>
</indexColumnUsage>
</ind_PK_UK>
<ind_PK_UK id="FAB2796E-83E9-A577-C4AC-9C00E96B125C" name="activity_response_activity_basic_fk">
<createdBy>Student</createdBy>
<createdTime>2020-10-20 09:42:12 UTC</createdTime>
<ownerDesignName>all</ownerDesignName>
<indexState>Foreign Key</indexState>
<isSurrogateKey>false</isSurrogateKey>
<indexColumnUsage>
<colUsage columnID="8FC0C8B5-141C-F928-718A-14C1926FDC57"/>
</indexColumnUsage>
</ind_PK_UK>
<ind_PK_UK id="EE71C2E4-DDAA-8239-6A33-8321B3716D6D" name="activity_response_member_basic_fk">
<createdBy>Student</createdBy>
<createdTime>2020-10-20 09:42:12 UTC</createdTime>
<ownerDesignName>all</ownerDesignName>
<indexState>Foreign Key</indexState>
<isSurrogateKey>false</isSurrogateKey>
<indexColumnUsage>
<colUsage columnID="205C5A03-0638-887D-EB87-5BBEF5010D54"/>
</indexColumnUsage>
</ind_PK_UK>
</indexes>
</Table>