<?xml version = '1.0' encoding = 'UTF-8'?>
<Table class="oracle.dbtools.crest.model.design.relational.Table" directorySegmentName="seg_0" id="BF1ED4E5-5DB8-1E2B-1F8A-91A9A7BB4C9A" name="house_basic">
<sourceDDLFile>all.ddl</sourceDDLFile>
<createdBy>Student</createdBy>
<createdTime>2020-10-20 09:42:12 UTC</createdTime>
<ownerDesignName>all</ownerDesignName>
<importedID>FF79EDF7-B216-7CF2-0C2F-5F201FCC483C</importedID>
<allowColumnReorder>false</allowColumnReorder>
<existDependencyGenerateInDDl>true</existDependencyGenerateInDDl>
<parsed>true</parsed>
<columns itemClass="oracle.dbtools.crest.model.design.relational.Column">
<Column name="id" id="F6876922-F7D5-4106-FE3C-B61950BF2B10">
<sourceDDLFile>all.ddl</sourceDDLFile>
<createdBy>Student</createdBy>
<createdTime>2020-10-20 09:42:12 UTC</createdTime>
<ownerDesignName>all</ownerDesignName>
<importedID>D32561B1-1CD2-6561-4D56-3D309C973A32</importedID>
<use>0</use>
<logicalDatatype>LOGDT019</logicalDatatype>
<domain>D783EC51-F784-5C9A-999C-B0995F0C89A3</domain>
<ownDataTypeParameters>,,</ownDataTypeParameters>
<autoIncrementColumn>true</autoIncrementColumn>
<autoIncrementCycle>false</autoIncrementCycle>
<autoIncrementSequenceName>seq_house</autoIncrementSequenceName>
<autoIncrementTriggerName>tri_house</autoIncrementTriggerName>
</Column>
<Column name="national_park_id" id="271D6DD8-B460-2282-EDED-6C7601DD3361">
<sourceDDLFile>all.ddl</sourceDDLFile>
<createdBy>Student</createdBy>
<createdTime>2020-10-20 09:42:12 UTC</createdTime>
<ownerDesignName>all</ownerDesignName>
<importedID>98F4472B-7F63-136D-A14E-4406E930607F</importedID>
<use>0</use>
<logicalDatatype>LOGDT019</logicalDatatype>
<domain>1075092A-5B10-F9E7-5C0D-1C5D564A64DD</domain>
<ownDataTypeParameters>,,</ownDataTypeParameters>
<autoIncrementCycle>false</autoIncrementCycle>
<associations>
<colAssociation fkAssociation="5FEC4B14-F682-30EA-6002-34983D0FED30" referredColumn="0EB1375A-2F6A-E941-0968-A652BC336064"/>
</associations>
</Column>
</columns>
<indexes itemClass="oracle.dbtools.crest.model.design.relational.Index">
<ind_PK_UK id="CA572E0D-C029-3B6B-A400-FB44FBA1880B" name="house_basic_pk">
<sourceDDLFile>all.ddl</sourceDDLFile>
<createdBy>Student</createdBy>
<createdTime>2020-10-20 09:42:12 UTC</createdTime>
<ownerDesignName>all</ownerDesignName>
<importedID>6C0C2243-9B59-18A0-EB7E-EBC6051D963D</importedID>
<pk>true</pk>
<indexState>Primary Constraint</indexState>
<isSurrogateKey>false</isSurrogateKey>
<indexColumnUsage>
<colUsage columnID="F6876922-F7D5-4106-FE3C-B61950BF2B10"/>
</indexColumnUsage>
</ind_PK_UK>
<ind_PK_UK id="4190733F-9BA7-6DA7-94D3-64F14809774E" name="house_basic_national_park_fk">
<createdBy>Student</createdBy>
<createdTime>2020-10-20 09:42:12 UTC</createdTime>
<ownerDesignName>all</ownerDesignName>
<indexState>Foreign Key</indexState>
<isSurrogateKey>false</isSurrogateKey>
<indexColumnUsage>
<colUsage columnID="271D6DD8-B460-2282-EDED-6C7601DD3361"/>
</indexColumnUsage>
</ind_PK_UK>
</indexes>
</Table>