<?xml version = '1.0' encoding = 'UTF-8'?>
<Table class="oracle.dbtools.crest.model.design.relational.Table" directorySegmentName="seg_0" id="C6B6F416-66BC-590E-AFCD-802EB2A13365" name="route_basic">
<sourceDDLFile>all.ddl</sourceDDLFile>
<createdBy>Student</createdBy>
<createdTime>2020-10-20 09:42:12 UTC</createdTime>
<ownerDesignName>all</ownerDesignName>
<importedID>CCD21531-9B75-2212-B124-61711D7D21A3</importedID>
<allowColumnReorder>false</allowColumnReorder>
<existDependencyGenerateInDDl>true</existDependencyGenerateInDDl>
<parsed>true</parsed>
<columns itemClass="oracle.dbtools.crest.model.design.relational.Column">
<Column name="id" id="B4746B90-FA35-EC02-429D-D7C800F823C8">
<sourceDDLFile>all.ddl</sourceDDLFile>
<createdBy>Student</createdBy>
<createdTime>2020-10-20 09:42:12 UTC</createdTime>
<ownerDesignName>all</ownerDesignName>
<importedID>A8F9E3B0-7CF4-F2D9-0CAD-D486BBD839E4</importedID>
<use>0</use>
<logicalDatatype>LOGDT019</logicalDatatype>
<domain>FF00A895-9497-B3BE-4FF7-F7916FE45404</domain>
<ownDataTypeParameters>,,</ownDataTypeParameters>
<autoIncrementCycle>false</autoIncrementCycle>
</Column>
<Column name="national_park_id" id="6FC2C3BF-024F-3AD5-7F08-BAA9F8F9D748">
<sourceDDLFile>all.ddl</sourceDDLFile>
<createdBy>Student</createdBy>
<createdTime>2020-10-20 09:42:12 UTC</createdTime>
<ownerDesignName>all</ownerDesignName>
<importedID>1509A70B-9B63-4CAE-6261-1E1F5258D288</importedID>
<use>0</use>
<logicalDatatype>LOGDT019</logicalDatatype>
<domain>1075092A-5B10-F9E7-5C0D-1C5D564A64DD</domain>
<ownDataTypeParameters>,,</ownDataTypeParameters>
<autoIncrementCycle>false</autoIncrementCycle>
<associations>
<colAssociation fkAssociation="022A3D0D-F61C-FFF3-572E-09A8509D21A0" referredColumn="0EB1375A-2F6A-E941-0968-A652BC336064"/>
</associations>
</Column>
</columns>
<indexes itemClass="oracle.dbtools.crest.model.design.relational.Index">
<ind_PK_UK id="4DD4D06A-1A08-2C86-1DD6-2FECACEC70BA" name="route_basic_pk">
<sourceDDLFile>all.ddl</sourceDDLFile>
<createdBy>Student</createdBy>
<createdTime>2020-10-20 09:42:12 UTC</createdTime>
<ownerDesignName>all</ownerDesignName>
<importedID>BF375FA8-E060-B9E8-BE1F-1EFC3C6E57EC</importedID>
<pk>true</pk>
<indexState>Primary Constraint</indexState>
<isSurrogateKey>false</isSurrogateKey>
<indexColumnUsage>
<colUsage columnID="B4746B90-FA35-EC02-429D-D7C800F823C8"/>
</indexColumnUsage>
</ind_PK_UK>
<ind_PK_UK id="301AFAEA-1909-45FC-12BD-949B6B8DCD1B" name="route_basic_national_park_fk">
<createdBy>Student</createdBy>
<createdTime>2020-10-20 09:42:12 UTC</createdTime>
<ownerDesignName>all</ownerDesignName>
<indexState>Foreign Key</indexState>
<isSurrogateKey>false</isSurrogateKey>
<indexColumnUsage>
<colUsage columnID="6FC2C3BF-024F-3AD5-7F08-BAA9F8F9D748"/>
</indexColumnUsage>
</ind_PK_UK>
</indexes>
</Table>