<?xml version = '1.0' encoding = 'UTF-8'?>
<Table class="oracle.dbtools.crest.model.design.relational.Table" directorySegmentName="seg_0" id="DAFD68A5-C4BF-1C13-6C56-F0584FC84445" name="camp_baisc">
<sourceDDLFile>all.ddl</sourceDDLFile>
<createdBy>Student</createdBy>
<createdTime>2020-10-20 09:42:12 UTC</createdTime>
<ownerDesignName>all</ownerDesignName>
<importedID>BA6D46EE-A24E-F010-DAAC-A8F8316F76C4</importedID>
<allowColumnReorder>false</allowColumnReorder>
<existDependencyGenerateInDDl>true</existDependencyGenerateInDDl>
<parsed>true</parsed>
<columns itemClass="oracle.dbtools.crest.model.design.relational.Column">
<Column name="id" id="7104FFF6-79D3-26AC-B8C8-F7753C76A7F2">
<sourceDDLFile>all.ddl</sourceDDLFile>
<createdBy>Student</createdBy>
<createdTime>2020-10-20 09:42:12 UTC</createdTime>
<ownerDesignName>all</ownerDesignName>
<importedID>95DC843D-5C92-CC80-4644-70D62E50DE23</importedID>
<use>0</use>
<logicalDatatype>LOGDT019</logicalDatatype>
<domain>D783EC51-F784-5C9A-999C-B0995F0C89A3</domain>
<ownDataTypeParameters>,,</ownDataTypeParameters>
<autoIncrementCycle>false</autoIncrementCycle>
<notNullConstraintName>nnc_campv1_id</notNullConstraintName>
</Column>
<Column name="counties_id" id="899B8D81-E616-3580-4B5D-FD4825B484AF">
<sourceDDLFile>all.ddl</sourceDDLFile>
<createdBy>Student</createdBy>
<createdTime>2020-10-20 09:42:12 UTC</createdTime>
<ownerDesignName>all</ownerDesignName>
<importedID>20C13FB4-3C25-2686-1D44-668FF44C3E14</importedID>
<use>0</use>
<logicalDatatype>LOGDT019</logicalDatatype>
<domain>FF00A895-9497-B3BE-4FF7-F7916FE45404</domain>
<ownDataTypeParameters>,,</ownDataTypeParameters>
<autoIncrementCycle>false</autoIncrementCycle>
<associations>
<colAssociation fkAssociation="44940FB8-4131-BFA7-E3D3-5803CB93057A" referredColumn="28CFFE9F-E78A-C844-B3CE-8C922BF115C6"/>
</associations>
</Column>
</columns>
<indexes itemClass="oracle.dbtools.crest.model.design.relational.Index">
<ind_PK_UK id="1FF3AF61-C3E6-6C70-72EB-17F92B00C1D3" name="campv1_pk">
<sourceDDLFile>all.ddl</sourceDDLFile>
<createdBy>Student</createdBy>
<createdTime>2020-10-20 09:42:12 UTC</createdTime>
<ownerDesignName>all</ownerDesignName>
<importedID>8C5DB4A1-3AE4-DBA7-912E-0C730786F86F</importedID>
<pk>true</pk>
<indexState>Primary Constraint</indexState>
<isSurrogateKey>false</isSurrogateKey>
<indexColumnUsage>
<colUsage columnID="7104FFF6-79D3-26AC-B8C8-F7753C76A7F2"/>
</indexColumnUsage>
</ind_PK_UK>
<ind_PK_UK id="FC518448-DD6A-715F-E5C3-A2B561124889" name="campv1_counties_fk">
<createdBy>Student</createdBy>
<createdTime>2020-10-20 09:42:12 UTC</createdTime>
<ownerDesignName>all</ownerDesignName>
<indexState>Foreign Key</indexState>
<isSurrogateKey>false</isSurrogateKey>
<indexColumnUsage>
<colUsage columnID="899B8D81-E616-3580-4B5D-FD4825B484AF"/>
</indexColumnUsage>
</ind_PK_UK>
</indexes>
</Table>