<?xml version = '1.0' encoding = 'UTF-8'?>
<Table class="oracle.dbtools.crest.model.design.relational.Table" directorySegmentName="seg_0" id="F578ABC9-507F-E6D5-F98D-8E21134BCEA6" name="activity_sideresp">
<sourceDDLFile>all.ddl</sourceDDLFile>
<createdBy>Student</createdBy>
<createdTime>2020-10-20 09:42:12 UTC</createdTime>
<ownerDesignName>all</ownerDesignName>
<importedID>035E8045-EFAE-5C0B-C667-C6534F204744</importedID>
<allowColumnReorder>false</allowColumnReorder>
<existDependencyGenerateInDDl>true</existDependencyGenerateInDDl>
<parsed>true</parsed>
<columns itemClass="oracle.dbtools.crest.model.design.relational.Column">
<Column name="seqno" id="9BD6DDC3-0FFD-924D-F85B-C1938E4C7124">
<sourceDDLFile>all.ddl</sourceDDLFile>
<createdBy>Student</createdBy>
<createdTime>2020-10-20 09:42:12 UTC</createdTime>
<ownerDesignName>all</ownerDesignName>
<importedID>6CC20A55-8EC8-B459-D34A-501CF7A09527</importedID>
<use>0</use>
<logicalDatatype>LOGDT019</logicalDatatype>
<domain>6637EA04-4FE9-3690-BA48-99545B5935A4</domain>
<ownDataTypeParameters>,,</ownDataTypeParameters>
<autoIncrementCycle>false</autoIncrementCycle>
</Column>
<Column name="activity_response_seqno" id="E0107704-A384-16DE-675F-2A82D613D48A">
<sourceDDLFile>all.ddl</sourceDDLFile>
<createdBy>Student</createdBy>
<createdTime>2020-10-20 09:42:12 UTC</createdTime>
<ownerDesignName>all</ownerDesignName>
<importedID>0B497EF3-24A8-5AE9-02DC-DC7B81315B8E</importedID>
<use>0</use>
<logicalDatatype>LOGDT019</logicalDatatype>
<domain>6637EA04-4FE9-3690-BA48-99545B5935A4</domain>
<ownDataTypeParameters>,,</ownDataTypeParameters>
<autoIncrementCycle>false</autoIncrementCycle>
<associations>
<colAssociation fkAssociation="06746017-D164-FA24-657D-5694C27AF3A1" referredColumn="DADD51F3-2DF7-A65F-7EA2-75C4DBCA1F94"/>
</associations>
</Column>
<Column name="member_basic_id" id="220D3662-8F0B-CD9F-71BD-411573E0F951">
<sourceDDLFile>all.ddl</sourceDDLFile>
<createdBy>Student</createdBy>
<createdTime>2020-10-20 09:42:12 UTC</createdTime>
<ownerDesignName>all</ownerDesignName>
<importedID>AF7C8E72-6D75-9DA5-0AB6-CC0B6AE6050B</importedID>
<use>0</use>
<logicalDatatype>LOGDT019</logicalDatatype>
<domain>986EEAE0-38DE-C8A9-B2B6-2C7F95775129</domain>
<ownDataTypeParameters>,,</ownDataTypeParameters>
<autoIncrementCycle>false</autoIncrementCycle>
<associations>
<colAssociation fkAssociation="8A724DC7-B1FC-BBA9-3E95-31370D7C2841" referredColumn="1F6AFFD3-5860-2C3E-D7B1-8A10B0C5DACD"/>
</associations>
</Column>
<Column name="post_date" id="A84BC0A9-6F8A-2A95-5F8F-5BB98A0A6B6C">
<sourceDDLFile>all.ddl</sourceDDLFile>
<createdBy>Student</createdBy>
<createdTime>2020-10-20 09:42:12 UTC</createdTime>
<ownerDesignName>all</ownerDesignName>
<importedID>B48D983E-DD29-597B-B3B4-958EBFB85437</importedID>
<use>0</use>
<logicalDatatype>LOGDT007</logicalDatatype>
<domain>44EB3A79-E7C2-2113-1FA5-7D936B3C4F02</domain>
<ownDataTypeParameters>,,</ownDataTypeParameters>
<autoIncrementCycle>false</autoIncrementCycle>
</Column>
<Column name="message" id="01493551-3E6F-6DCE-7D3E-93DAE3E483C1">
<sourceDDLFile>all.ddl</sourceDDLFile>
<createdBy>Student</createdBy>
<createdTime>2020-10-20 09:42:12 UTC</createdTime>
<ownerDesignName>all</ownerDesignName>
<importedID>AA0999C0-7A01-372E-99DF-FAA61AB04F1A</importedID>
<use>0</use>
<logicalDatatype>LOGDT029</logicalDatatype>
<domain>39A93B16-327A-74AA-D7BD-EF42EDB96A9D</domain>
<ownDataTypeParameters>,,</ownDataTypeParameters>
<autoIncrementCycle>false</autoIncrementCycle>
</Column>
<Column name="privatetag" id="0DC93DF6-FFFA-2208-797F-3F20C0D9BEDC">
<sourceDDLFile>all.ddl</sourceDDLFile>
<createdBy>Student</createdBy>
<createdTime>2020-10-20 09:42:12 UTC</createdTime>
<ownerDesignName>all</ownerDesignName>
<importedID>3DBE721A-ADC7-A6D9-91D6-52C13139FCE4</importedID>
<nullsAllowed>true</nullsAllowed>
<use>0</use>
<logicalDatatype>LOGDT024</logicalDatatype>
<domain>7BDFE941-171F-C129-402F-C183655124A8</domain>
<ownDataTypeParameters>,,</ownDataTypeParameters>
<autoIncrementCycle>false</autoIncrementCycle>
</Column>
</columns>
<indexes itemClass="oracle.dbtools.crest.model.design.relational.Index">
<ind_PK_UK id="D24C1145-3CED-7372-B990-7A2F94C49321" name="activity_sideresp_pk">
<sourceDDLFile>all.ddl</sourceDDLFile>
<createdBy>Student</createdBy>
<createdTime>2020-10-20 09:42:12 UTC</createdTime>
<ownerDesignName>all</ownerDesignName>
<importedID>D686130C-EC98-14C1-81B5-69E4A3BD7CC2</importedID>
<pk>true</pk>
<indexState>Primary Constraint</indexState>
<isSurrogateKey>false</isSurrogateKey>
<indexColumnUsage>
<colUsage columnID="9BD6DDC3-0FFD-924D-F85B-C1938E4C7124"/>
</indexColumnUsage>
</ind_PK_UK>
<ind_PK_UK id="61BD4ED0-1507-686C-D514-AAB32ADC94F9" name="activity_sideresp_activity_response_fk">
<createdBy>Student</createdBy>
<createdTime>2020-10-20 09:42:12 UTC</createdTime>
<ownerDesignName>all</ownerDesignName>
<indexState>Foreign Key</indexState>
<isSurrogateKey>false</isSurrogateKey>
<indexColumnUsage>
<colUsage columnID="E0107704-A384-16DE-675F-2A82D613D48A"/>
</indexColumnUsage>
</ind_PK_UK>
<ind_PK_UK id="F0D041AF-09CC-EA6C-A795-74EE32DFFF2A" name="activity_sideresp_member_basic_fk">
<createdBy>Student</createdBy>
<createdTime>2020-10-20 09:42:12 UTC</createdTime>
<ownerDesignName>all</ownerDesignName>
<indexState>Foreign Key</indexState>
<isSurrogateKey>false</isSurrogateKey>
<indexColumnUsage>
<colUsage columnID="220D3662-8F0B-CD9F-71BD-411573E0F951"/>
</indexColumnUsage>
</ind_PK_UK>
</indexes>
</Table>