<?xml version = '1.0' encoding = 'UTF-8'?>
<Diagram class="oracle.dbtools.crest.swingui.relational.DPVRelational" name="all_table_design" id="F9F29E44-1E0B-526A-2DF6-A90BD6AE97E8">
<createdBy>Student</createdBy>
<modifiedBy>Student</modifiedBy>
<createdTime>2020-10-20 09:42:12 UTC</createdTime>
<autoRoute>false</autoRoute>
<boxInbox>true</boxInbox>
<showLegend>false</showLegend>
<showLabels>false</showLabels>
<showRelAttributes>false</showRelAttributes>
<gridEnabled>false</gridEnabled>
<showGrid>false</showGrid>
<diagramColor>-1</diagramColor>
<display>false</display>
<notation>1</notation>
<objectViews>
<OView class="oracle.dbtools.crest.swingui.relational.TVTable" oid="057FE066-0F97-80ED-DA48-11641D664044" otype="Table" vid="DE21B5FA-6909-58BD-3F49-20E359909B8A">
<hideElementsInCurrentOnly>false</hideElementsInCurrentOnly>
<bounds x="989" y="1098" width="168" height="82"/>
</OView>
<OView class="oracle.dbtools.crest.swingui.relational.TVTable" oid="2867577B-4841-AE18-7F72-3B96EF46B696" otype="Table" vid="33493A4C-FD92-E8E9-554C-A1CD6FE1C61D">
<hideElementsInCurrentOnly>false</hideElementsInCurrentOnly>
<bounds x="987" y="20" width="246" height="254"/>
</OView>
<OView class="oracle.dbtools.crest.swingui.relational.TVTable" oid="30A83805-1181-C103-B29F-C6252927B7AC" otype="Table" vid="ACE89A99-BF81-406A-7E33-68437218233B">
<hideElementsInCurrentOnly>false</hideElementsInCurrentOnly>
<bounds x="2330" y="578" width="300" height="168"/>
</OView>
<OView class="oracle.dbtools.crest.swingui.relational.TVTable" oid="3AA6E4A1-739F-7C94-1099-465342777D85" otype="Table" vid="4C2128E5-3CD4-813F-CC2A-7B26F6688A41">
<hideElementsInCurrentOnly>false</hideElementsInCurrentOnly>
<bounds x="676" y="286" width="231" height="120"/>
</OView>
<OView class="oracle.dbtools.crest.swingui.relational.TVTable" oid="3B2CE22C-67B6-FB91-AE53-7BA35EE18F44" otype="Table" vid="68A419C5-F85D-E8B0-120B-6741BDAB6B66">
<hideElementsInCurrentOnly>false</hideElementsInCurrentOnly>
<bounds x="346" y="286" width="250" height="190"/>
</OView>
<OView class="oracle.dbtools.crest.swingui.relational.TVTable" oid="59CA7D81-55FB-8F75-7527-18D81F5DE97F" otype="Table" vid="4A0F203F-B273-CA37-35EA-1063064DE65C">
<hideElementsInCurrentOnly>false</hideElementsInCurrentOnly>
<bounds x="672" y="1098" width="236" height="168"/>
</OView>
<OView class="oracle.dbtools.crest.swingui.relational.TVTable" oid="5ECEEC7A-31F7-FD3A-3208-0E9D98572B98" otype="Table" vid="1BA43E81-6EC0-F4DC-4FCC-866B1DA01D29">
<hideElementsInCurrentOnly>false</hideElementsInCurrentOnly>
<bounds x="987" y="334" width="290" height="184"/>
</OView>
<OView class="oracle.dbtools.crest.swingui.relational.TVTable" oid="650849AF-A5FC-E3D3-E593-C8C110826DB0" otype="Table" vid="8F892441-6887-EE28-BD5F-B5734DC24120">
<hideElementsInCurrentOnly>false</hideElementsInCurrentOnly>
<bounds x="989" y="1404" width="248" height="152"/>
</OView>
<OView class="oracle.dbtools.crest.swingui.relational.TVTable" oid="80526709-2E59-A759-FBD2-BE6E9D5BE604" otype="Table" vid="CCA8C226-70FE-9636-6D92-359247542FEE">
<hideElementsInCurrentOnly>false</hideElementsInCurrentOnly>
<bounds x="360" y="1175" width="215" height="136"/>
</OView>
<OView class="oracle.dbtools.crest.swingui.relational.TVTable" oid="83929C99-9367-D3FE-328A-82582E6052A2" otype="Table" vid="A65ABC13-87D8-2B81-F05C-7499735A28E7">
<hideElementsInCurrentOnly>false</hideElementsInCurrentOnly>
<bounds x="20" y="536" width="246" height="152"/>
</OView>
<OView class="oracle.dbtools.crest.swingui.relational.TVTable" oid="864B6FEB-6654-FF3F-76E9-DFB180D4EF26" otype="Table" vid="1A96AAFC-1A4C-4600-AFC8-F9435E81BF6E">
<hideElementsInCurrentOnly>false</hideElementsInCurrentOnly>
<bounds x="1357" y="334" width="264" height="104"/>
</OView>
<OView class="oracle.dbtools.crest.swingui.relational.TVTable" oid="8EFEB43E-C8AC-065B-4C25-D107F7A87DF0" otype="Table" vid="B7A843EB-66C4-740D-5581-A4F9767D9EAA">
<hideElementsInCurrentOnly>false</hideElementsInCurrentOnly>
<bounds x="1415" y="578" width="308" height="184"/>
</OView>
<OView class="oracle.dbtools.crest.swingui.relational.TVTable" oid="9723EB19-7669-2AB0-4B90-865947ABE384" otype="Table" vid="F789AFC7-73F3-9B0D-8D28-76283B7A8013">
<hideElementsInCurrentOnly>false</hideElementsInCurrentOnly>
<bounds x="346" y="20" width="250" height="206"/>
</OView>
<OView class="oracle.dbtools.crest.swingui.relational.TVTable" oid="A3C3AEEF-1600-91E8-651A-9C14201A699A" otype="Table" vid="A9CA3CC7-97E5-E092-1886-74500D60C75D">
<hideElementsInCurrentOnly>false</hideElementsInCurrentOnly>
<bounds x="3077" y="578" width="213" height="120"/>
</OView>
<OView class="oracle.dbtools.crest.swingui.relational.TVTable" oid="A7AFDB27-462A-2F34-925C-12E0B14F1F12" otype="Table" vid="53B6EAB9-F09F-F5DB-2C2B-E7D5B2E123D3">
<hideElementsInCurrentOnly>false</hideElementsInCurrentOnly>
<bounds x="987" y="578" width="283" height="296"/>
</OView>
<OView class="oracle.dbtools.crest.swingui.relational.TVTable" oid="AB87A66B-5499-6BEB-EF09-48DA2FA4BE60" otype="Table" vid="67634593-7891-6A03-F5A0-E2C9DF439B28">
<hideElementsInCurrentOnly>false</hideElementsInCurrentOnly>
<bounds x="369" y="728" width="162" height="82"/>
</OView>
<OView class="oracle.dbtools.crest.swingui.relational.TVTable" oid="B180B0DC-FAA7-D006-E9E5-04E566D1D8C7" otype="Table" vid="4A472441-5D25-DFCC-5ABB-C94F0DCA4930">
<hideElementsInCurrentOnly>false</hideElementsInCurrentOnly>
<bounds x="347" y="536" width="168" height="82"/>
</OView>
<OView class="oracle.dbtools.crest.swingui.relational.TVTable" oid="BF1ED4E5-5DB8-1E2B-1F8A-91A9A7BB4C9A" otype="Table" vid="282EFD27-8979-3E4A-E697-2559A8C7BA3A">
<hideElementsInCurrentOnly>false</hideElementsInCurrentOnly>
<bounds x="989" y="1240" width="265" height="104"/>
</OView>
<OView class="oracle.dbtools.crest.swingui.relational.TVTable" oid="C6B6F416-66BC-590E-AFCD-802EB2A13365" otype="Table" vid="F1BAE952-6CD3-AF39-049C-8D9E35CA013F">
<hideElementsInCurrentOnly>false</hideElementsInCurrentOnly>
<bounds x="988" y="934" width="261" height="104"/>
</OView>
<OView class="oracle.dbtools.crest.swingui.relational.TVTable" oid="D116C999-55F3-F432-FC85-1B4B395EF309" otype="Table" vid="562CAF4D-B328-665A-E775-F4237770D59E">
<hideElementsInCurrentOnly>false</hideElementsInCurrentOnly>
<bounds x="363" y="836" width="171" height="120"/>
</OView>
<OView class="oracle.dbtools.crest.swingui.relational.TVTable" oid="D17CDA74-F7D5-9DF8-79F7-DD954A4F324C" otype="Table" vid="7DECC457-C01E-0BC5-8C75-8AFEF89FB6C6">
<hideElementsInCurrentOnly>false</hideElementsInCurrentOnly>
<bounds x="715" y="584" width="214" height="263"/>
</OView>
<OView class="oracle.dbtools.crest.swingui.relational.TVTable" oid="DAFD68A5-C4BF-1C13-6C56-F0584FC84445" otype="Table" vid="4EEBF385-9E70-F736-AF55-9246A8D55B53">
<hideElementsInCurrentOnly>false</hideElementsInCurrentOnly>
<bounds x="358" y="1015" width="196" height="104"/>
</OView>
<OView class="oracle.dbtools.crest.swingui.relational.TVTable" oid="E301B2C1-EECF-28AB-74D2-3BDC4750B3AF" otype="Table" vid="C689089D-9892-CE16-1BFC-EC188B1BC4D7">
<hideElementsInCurrentOnly>false</hideElementsInCurrentOnly>
<bounds x="2710" y="578" width="287" height="200"/>
</OView>
<OView class="oracle.dbtools.crest.swingui.relational.TVTable" oid="F578ABC9-507F-E6D5-F98D-8E21134BCEA6" otype="Table" vid="30B7B242-7762-0144-0AAF-06409AC122C5">
<hideElementsInCurrentOnly>false</hideElementsInCurrentOnly>
<bounds x="1913" y="578" width="337" height="184"/>
</OView>
</objectViews>
<connectors>
<Connector class="oracle.dbtools.crest.swingui.relational.TVFKRelation" oid="022A3D0D-F61C-FFF3-572E-09A8509D21A0" otype="FKIndexAssociation" vid_source="DE21B5FA-6909-58BD-3F49-20E359909B8A" vid_target="F1BAE952-6CD3-AF39-049C-8D9E35CA013F">
<hideElementsInCurrentOnly>false</hideElementsInCurrentOnly>
<backgroundColor>-16777216</backgroundColor>
<lineWidth>1</lineWidth>
<points>
<point x="1073" y="1098"/>
<point x="1073" y="1038"/>
</points>
</Connector>
<Connector class="oracle.dbtools.crest.swingui.relational.TVFKRelation" oid="06746017-D164-FA24-657D-5694C27AF3A1" otype="FKIndexAssociation" vid_source="B7A843EB-66C4-740D-5581-A4F9767D9EAA" vid_target="30B7B242-7762-0144-0AAF-06409AC122C5">
<hideElementsInCurrentOnly>false</hideElementsInCurrentOnly>
<backgroundColor>-16777216</backgroundColor>
<lineWidth>1</lineWidth>
<points>
<point x="1723" y="670"/>
<point x="1913" y="670"/>
</points>
</Connector>
<Connector class="oracle.dbtools.crest.swingui.relational.TVFKRelation" oid="1299DAA6-E83E-FAC2-11AD-9F41B8981759" otype="FKIndexAssociation" vid_source="1BA43E81-6EC0-F4DC-4FCC-866B1DA01D29" vid_target="53B6EAB9-F09F-F5DB-2C2B-E7D5B2E123D3">
<hideElementsInCurrentOnly>false</hideElementsInCurrentOnly>
<backgroundColor>-16777216</backgroundColor>
<lineWidth>1</lineWidth>
<points>
<point x="1128" y="518"/>
<point x="1128" y="578"/>
</points>
</Connector>
<Connector class="oracle.dbtools.crest.swingui.relational.TVFKRelation" oid="2AD3D82D-0558-E6F6-9F0B-85D76CB8910D" otype="FKIndexAssociation" vid_source="68A419C5-F85D-E8B0-120B-6741BDAB6B66" vid_target="F789AFC7-73F3-9B0D-8D28-76283B7A8013">
<hideElementsInCurrentOnly>false</hideElementsInCurrentOnly>
<backgroundColor>-16777216</backgroundColor>
<lineWidth>1</lineWidth>
<points>
<point x="471" y="286"/>
<point x="471" y="226"/>
</points>
</Connector>
<Connector class="oracle.dbtools.crest.swingui.relational.TVFKRelation" oid="325441BD-42C2-B4E4-C47B-A455923AE845" otype="FKIndexAssociation" vid_source="1BA43E81-6EC0-F4DC-4FCC-866B1DA01D29" vid_target="C689089D-9892-CE16-1BFC-EC188B1BC4D7">
<hideElementsInCurrentOnly>false</hideElementsInCurrentOnly>
<backgroundColor>-16777216</backgroundColor>
<lineWidth>1</lineWidth>
<points>
<point x="1277" y="447"/>
<point x="2710" y="656"/>
</points>
</Connector>
<Connector class="oracle.dbtools.crest.swingui.relational.TVFKRelation" oid="3494D0D9-00B9-6C70-A728-761521D1C0CE" otype="FKIndexAssociation" vid_source="1BA43E81-6EC0-F4DC-4FCC-866B1DA01D29" vid_target="B7A843EB-66C4-740D-5581-A4F9767D9EAA">
<hideElementsInCurrentOnly>false</hideElementsInCurrentOnly>
<backgroundColor>-16777216</backgroundColor>
<lineWidth>1</lineWidth>
<points>
<point x="1277" y="506"/>
<point x="1415" y="584"/>
</points>
</Connector>
<Connector class="oracle.dbtools.crest.swingui.relational.TVFKRelation" oid="44940FB8-4131-BFA7-E3D3-5803CB93057A" otype="FKIndexAssociation" vid_source="562CAF4D-B328-665A-E775-F4237770D59E" vid_target="4EEBF385-9E70-F736-AF55-9246A8D55B53">
<hideElementsInCurrentOnly>false</hideElementsInCurrentOnly>
<backgroundColor>-16777216</backgroundColor>
<lineWidth>1</lineWidth>
<points>
<point x="448" y="956"/>
<point x="448" y="1015"/>
</points>
</Connector>
<Connector class="oracle.dbtools.crest.swingui.relational.TVFKRelation" oid="488CC826-D337-901B-2FC5-734D2FE7B180" otype="FKIndexAssociation" vid_source="68A419C5-F85D-E8B0-120B-6741BDAB6B66" vid_target="33493A4C-FD92-E8E9-554C-A1CD6FE1C61D">
<hideElementsInCurrentOnly>false</hideElementsInCurrentOnly>
<backgroundColor>-16777216</backgroundColor>
<lineWidth>1</lineWidth>
<points>
<point x="596" y="335"/>
<point x="987" y="192"/>
</points>
</Connector>
<Connector class="oracle.dbtools.crest.swingui.relational.TVFKRelation" oid="52AC887E-2954-EAC5-DAA1-48F55F21DCB8" otype="FKIndexAssociation" vid_source="1BA43E81-6EC0-F4DC-4FCC-866B1DA01D29" vid_target="ACE89A99-BF81-406A-7E33-68437218233B">
<hideElementsInCurrentOnly>false</hideElementsInCurrentOnly>
<backgroundColor>-16777216</backgroundColor>
<lineWidth>1</lineWidth>
<points>
<point x="1277" y="451"/>
<point x="2330" y="635"/>
</points>
</Connector>
<Connector class="oracle.dbtools.crest.swingui.relational.TVFKRelation" oid="5CD887A6-1B4E-0365-0B78-6A73332BC891" otype="FKIndexAssociation" vid_source="68A419C5-F85D-E8B0-120B-6741BDAB6B66" vid_target="A65ABC13-87D8-2B81-F05C-7499735A28E7">
<hideElementsInCurrentOnly>false</hideElementsInCurrentOnly>
<backgroundColor>-16777216</backgroundColor>
<lineWidth>1</lineWidth>
<points>
<point x="346" y="469"/>
<point x="250" y="536"/>
</points>
</Connector>
<Connector class="oracle.dbtools.crest.swingui.relational.TVFKRelation" oid="5FEC4B14-F682-30EA-6002-34983D0FED30" otype="FKIndexAssociation" vid_source="DE21B5FA-6909-58BD-3F49-20E359909B8A" vid_target="282EFD27-8979-3E4A-E697-2559A8C7BA3A">
<hideElementsInCurrentOnly>false</hideElementsInCurrentOnly>
<backgroundColor>-16777216</backgroundColor>
<lineWidth>1</lineWidth>
<points>
<point x="1073" y="1180"/>
<point x="1073" y="1240"/>
</points>
</Connector>
<Connector class="oracle.dbtools.crest.swingui.relational.TVFKRelation" oid="6E8663C0-EBD2-0EE7-CF9B-B1C97C8A378B" otype="FKIndexAssociation" vid_source="282EFD27-8979-3E4A-E697-2559A8C7BA3A" vid_target="8F892441-6887-EE28-BD5F-B5734DC24120">
<hideElementsInCurrentOnly>false</hideElementsInCurrentOnly>
<backgroundColor>-16777216</backgroundColor>
<lineWidth>1</lineWidth>
<points>
<point x="1113" y="1344"/>
<point x="1113" y="1404"/>
</points>
</Connector>
<Connector class="oracle.dbtools.crest.swingui.relational.TVFKRelation" oid="788F7A12-D521-0D99-694A-D8D322CF48EE" otype="FKIndexAssociation" vid_source="53B6EAB9-F09F-F5DB-2C2B-E7D5B2E123D3" vid_target="B7A843EB-66C4-740D-5581-A4F9767D9EAA">
<hideElementsInCurrentOnly>false</hideElementsInCurrentOnly>
<backgroundColor>-16777216</backgroundColor>
<lineWidth>1</lineWidth>
<points>
<point x="1270" y="685"/>
<point x="1415" y="685"/>
</points>
</Connector>
<Connector class="oracle.dbtools.crest.swingui.relational.TVFKRelation" oid="7D29D31E-D587-0E76-A4A2-466AF8F68402" otype="FKIndexAssociation" vid_source="F1BAE952-6CD3-AF39-049C-8D9E35CA013F" vid_target="53B6EAB9-F09F-F5DB-2C2B-E7D5B2E123D3">
<hideElementsInCurrentOnly>false</hideElementsInCurrentOnly>
<backgroundColor>-16777216</backgroundColor>
<lineWidth>1</lineWidth>
<points>
<point x="1118" y="934"/>
<point x="1118" y="874"/>
</points>
</Connector>
<Connector class="oracle.dbtools.crest.swingui.relational.TVFKRelation" oid="8A724DC7-B1FC-BBA9-3E95-31370D7C2841" otype="FKIndexAssociation" vid_source="1BA43E81-6EC0-F4DC-4FCC-866B1DA01D29" vid_target="30B7B242-7762-0144-0AAF-06409AC122C5">
<hideElementsInCurrentOnly>false</hideElementsInCurrentOnly>
<backgroundColor>-16777216</backgroundColor>
<lineWidth>1</lineWidth>
<points>
<point x="1277" y="463"/>
<point x="1913" y="626"/>
</points>
</Connector>
<Connector class="oracle.dbtools.crest.swingui.relational.TVFKRelation" oid="9B90607C-3752-1604-C6A9-550859308363" otype="FKIndexAssociation" vid_source="53B6EAB9-F09F-F5DB-2C2B-E7D5B2E123D3" vid_target="ACE89A99-BF81-406A-7E33-68437218233B">
<hideElementsInCurrentOnly>false</hideElementsInCurrentOnly>
<backgroundColor>-16777216</backgroundColor>
<lineWidth>1</lineWidth>
<points>
<point x="1270" y="662"/>
<point x="2330" y="662"/>
</points>
</Connector>
<Connector class="oracle.dbtools.crest.swingui.relational.TVFKRelation" oid="A30EAF23-E66C-0F26-3465-959C6BA926E8" otype="FKIndexAssociation" vid_source="1BA43E81-6EC0-F4DC-4FCC-866B1DA01D29" vid_target="33493A4C-FD92-E8E9-554C-A1CD6FE1C61D">
<hideElementsInCurrentOnly>false</hideElementsInCurrentOnly>
<backgroundColor>-16777216</backgroundColor>
<lineWidth>1</lineWidth>
<points>
<point x="1110" y="334"/>
<point x="1110" y="274"/>
</points>
</Connector>
<Connector class="oracle.dbtools.crest.swingui.relational.TVFKRelation" oid="ABD19E7B-288A-D690-162E-B9B95E0E1484" otype="FKIndexAssociation" vid_source="4C2128E5-3CD4-813F-CC2A-7B26F6688A41" vid_target="68A419C5-F85D-E8B0-120B-6741BDAB6B66">
<hideElementsInCurrentOnly>false</hideElementsInCurrentOnly>
<backgroundColor>-16777216</backgroundColor>
<lineWidth>1</lineWidth>
<points>
<point x="676" y="346"/>
<point x="596" y="346"/>
</points>
</Connector>
<Connector class="oracle.dbtools.crest.swingui.relational.TVFKRelation" oid="AE730535-06DD-59A3-CAFF-83548B44EAFA" otype="FKIndexAssociation" vid_source="F1BAE952-6CD3-AF39-049C-8D9E35CA013F" vid_target="4A0F203F-B273-CA37-35EA-1063064DE65C">
<hideElementsInCurrentOnly>false</hideElementsInCurrentOnly>
<backgroundColor>-16777216</backgroundColor>
<lineWidth>1</lineWidth>
<points>
<point x="1031" y="1038"/>
<point x="908" y="1111"/>
</points>
</Connector>
<Connector class="oracle.dbtools.crest.swingui.relational.TVFKRelation" oid="B5150325-4FBF-2DE8-91D3-77DEB161117F" otype="FKIndexAssociation" vid_source="1BA43E81-6EC0-F4DC-4FCC-866B1DA01D29" vid_target="1A96AAFC-1A4C-4600-AFC8-F9435E81BF6E">
<hideElementsInCurrentOnly>false</hideElementsInCurrentOnly>
<backgroundColor>-16777216</backgroundColor>
<lineWidth>1</lineWidth>
<points>
<point x="1277" y="386"/>
<point x="1357" y="386"/>
</points>
</Connector>
<Connector class="oracle.dbtools.crest.swingui.relational.TVFKRelation" oid="B618E9D3-AD89-FD62-53E4-6F8154798B30" otype="FKIndexAssociation" vid_source="A9CA3CC7-97E5-E092-1886-74500D60C75D" vid_target="1BA43E81-6EC0-F4DC-4FCC-866B1DA01D29">
<hideElementsInCurrentOnly>false</hideElementsInCurrentOnly>
<backgroundColor>-16777216</backgroundColor>
<lineWidth>1</lineWidth>
<points>
<point x="3077" y="626"/>
<point x="1277" y="425"/>
</points>
</Connector>
<Connector class="oracle.dbtools.crest.swingui.relational.TVFKRelation" oid="CC409651-7CE9-5931-4F1E-9045C4C9521F" otype="FKIndexAssociation" vid_source="4A472441-5D25-DFCC-5ABB-C94F0DCA4930" vid_target="4C2128E5-3CD4-813F-CC2A-7B26F6688A41">
<hideElementsInCurrentOnly>false</hideElementsInCurrentOnly>
<backgroundColor>-16777216</backgroundColor>
<lineWidth>1</lineWidth>
<points>
<point x="494" y="536"/>
<point x="697" y="406"/>
</points>
</Connector>
<Connector class="oracle.dbtools.crest.swingui.relational.TVFKRelation" oid="CD1E5CE4-2B57-7E4C-99B1-43CF80E87F58" otype="FKIndexAssociation" vid_source="4A472441-5D25-DFCC-5ABB-C94F0DCA4930" vid_target="68A419C5-F85D-E8B0-120B-6741BDAB6B66">
<hideElementsInCurrentOnly>false</hideElementsInCurrentOnly>
<backgroundColor>-16777216</backgroundColor>
<lineWidth>1</lineWidth>
<points>
<point x="431" y="536"/>
<point x="431" y="476"/>
</points>
</Connector>
<Connector class="oracle.dbtools.crest.swingui.relational.TVFKRelation" oid="E0344DBB-C43B-F72F-36EF-9D89E6403365" otype="FKIndexAssociation" vid_source="4EEBF385-9E70-F736-AF55-9246A8D55B53" vid_target="CCA8C226-70FE-9636-6D92-359247542FEE">
<hideElementsInCurrentOnly>false</hideElementsInCurrentOnly>
<backgroundColor>-16777216</backgroundColor>
<lineWidth>1</lineWidth>
<points>
<point x="457" y="1119"/>
<point x="457" y="1175"/>
</points>
</Connector>
<Connector class="oracle.dbtools.crest.swingui.relational.TVFKRelation" oid="F48FF601-A1C7-C3A6-94FE-7E0D2BA8A3E8" otype="FKIndexAssociation" vid_source="33493A4C-FD92-E8E9-554C-A1CD6FE1C61D" vid_target="F789AFC7-73F3-9B0D-8D28-76283B7A8013">
<hideElementsInCurrentOnly>false</hideElementsInCurrentOnly>
<backgroundColor>-16777216</backgroundColor>
<lineWidth>1</lineWidth>
<points>
<point x="987" y="123"/>
<point x="596" y="123"/>
</points>
</Connector>
<Connector class="oracle.dbtools.crest.swingui.relational.TVFKRelation" oid="F8852BE5-5815-27B9-BFFF-37ADF7865DC1" otype="FKIndexAssociation" vid_source="67634593-7891-6A03-F5A0-E2C9DF439B28" vid_target="562CAF4D-B328-665A-E775-F4237770D59E">
<hideElementsInCurrentOnly>false</hideElementsInCurrentOnly>
<backgroundColor>-16777216</backgroundColor>
<lineWidth>1</lineWidth>
<points>
<point x="450" y="810"/>
<point x="450" y="836"/>
</points>
</Connector>
</connectors>
</Diagram>