<?xml version="1.0" encoding="UTF-8" ?>
<settings>
	<logical_type_for_domain_presentation value="false" />
	<automatic_pk_generation value="false" />
	<automatic_uk_generation value="false" />
	<automatic_fk_generation value="false" />
	<preserve_ddl_generation_options value="false" />
	<use_global_design_level_settings value="false" />
	<use_preferred_classification_types value="false" />
	<substitution_patterns>
	</substitution_patterns>
	<classification_types>
		<type name="事實" color="-7482" fgcolor="-16776961" prefix="" id="1" preferred="false" >
		<fonts>
			<font_object fo_type="標題" font_color="-16776961" font_name="Dialog" font_size="10" font_style="1" id="1"/>
			<font_object fo_type="元素" font_color="-16777216" font_name="Dialog" font_size="10" font_style="0" id="4"/>
			<font_object fo_type="資料類型" font_color="-16744448" font_name="Dialog" font_size="10" font_style="0" id="5"/>
			<font_object fo_type="主索引鍵元素" font_color="-16776961" font_name="Dialog" font_size="10" font_style="0" id="7"/>
			<font_object fo_type="外來索引鍵元素" font_color="-16777216" font_name="Dialog" font_size="10" font_style="0" id="8"/>
			<font_object fo_type="唯一索引鍵元素" font_color="-16776961" font_name="Dialog" font_size="10" font_style="0" id="9"/>
			<font_object fo_type="非空值" font_color="-65536" font_name="Dialog" font_size="10" font_style="0" id="10"/>
			<font_object fo_type="索引鍵" font_color="-16777216" font_name="Dialog" font_size="10" font_style="0" id="6"/>
			<font_object fo_type="註解" font_color="-12566464" font_name="Dialog" font_size="10" font_style="0" id="28"/>
		</fonts>
		</type>
		<type name="維度" color="-1781507" fgcolor="-16776961" prefix="" id="2" preferred="false" >
		<fonts>
			<font_object fo_type="標題" font_color="-16776961" font_name="Dialog" font_size="10" font_style="1" id="1"/>
			<font_object fo_type="元素" font_color="-16777216" font_name="Dialog" font_size="10" font_style="0" id="4"/>
			<font_object fo_type="資料類型" font_color="-16744448" font_name="Dialog" font_size="10" font_style="0" id="5"/>
			<font_object fo_type="主索引鍵元素" font_color="-16776961" font_name="Dialog" font_size="10" font_style="0" id="7"/>
			<font_object fo_type="外來索引鍵元素" font_color="-16777216" font_name="Dialog" font_size="10" font_style="0" id="8"/>
			<font_object fo_type="唯一索引鍵元素" font_color="-16776961" font_name="Dialog" font_size="10" font_style="0" id="9"/>
			<font_object fo_type="非空值" font_color="-65536" font_name="Dialog" font_size="10" font_style="0" id="10"/>
			<font_object fo_type="索引鍵" font_color="-16777216" font_name="Dialog" font_size="10" font_style="0" id="6"/>
			<font_object fo_type="註解" font_color="-12566464" font_name="Dialog" font_size="10" font_style="0" id="28"/>
		</fonts>
		</type>
		<type name="日誌記錄" color="-1776412" fgcolor="-16776961" prefix="" id="3" preferred="false" >
		<fonts>
			<font_object fo_type="標題" font_color="-16776961" font_name="Dialog" font_size="10" font_style="1" id="1"/>
			<font_object fo_type="元素" font_color="-16777216" font_name="Dialog" font_size="10" font_style="0" id="4"/>
			<font_object fo_type="資料類型" font_color="-16744448" font_name="Dialog" font_size="10" font_style="0" id="5"/>
			<font_object fo_type="主索引鍵元素" font_color="-16776961" font_name="Dialog" font_size="10" font_style="0" id="7"/>
			<font_object fo_type="外來索引鍵元素" font_color="-16777216" font_name="Dialog" font_size="10" font_style="0" id="8"/>
			<font_object fo_type="唯一索引鍵元素" font_color="-16776961" font_name="Dialog" font_size="10" font_style="0" id="9"/>
			<font_object fo_type="非空值" font_color="-65536" font_name="Dialog" font_size="10" font_style="0" id="10"/>
			<font_object fo_type="索引鍵" font_color="-16777216" font_name="Dialog" font_size="10" font_style="0" id="6"/>
			<font_object fo_type="註解" font_color="-12566464" font_name="Dialog" font_size="10" font_style="0" id="28"/>
		</fonts>
		</type>
		<type name="摘要" color="-3148598" fgcolor="-16776961" prefix="" id="4" preferred="false" >
		<fonts>
			<font_object fo_type="標題" font_color="-16776961" font_name="Dialog" font_size="10" font_style="1" id="1"/>
			<font_object fo_type="元素" font_color="-16777216" font_name="Dialog" font_size="10" font_style="0" id="4"/>
			<font_object fo_type="資料類型" font_color="-16744448" font_name="Dialog" font_size="10" font_style="0" id="5"/>
			<font_object fo_type="主索引鍵元素" font_color="-16776961" font_name="Dialog" font_size="10" font_style="0" id="7"/>
			<font_object fo_type="外來索引鍵元素" font_color="-16777216" font_name="Dialog" font_size="10" font_style="0" id="8"/>
			<font_object fo_type="唯一索引鍵元素" font_color="-16776961" font_name="Dialog" font_size="10" font_style="0" id="9"/>
			<font_object fo_type="非空值" font_color="-65536" font_name="Dialog" font_size="10" font_style="0" id="10"/>
			<font_object fo_type="索引鍵" font_color="-16777216" font_name="Dialog" font_size="10" font_style="0" id="6"/>
			<font_object fo_type="註解" font_color="-12566464" font_name="Dialog" font_size="10" font_style="0" id="28"/>
		</fonts>
		</type>
		<type name="暫時" color="-1" fgcolor="-16776961" prefix="" id="5" preferred="false" >
		<fonts>
			<font_object fo_type="標題" font_color="-16776961" font_name="Dialog" font_size="10" font_style="1" id="1"/>
			<font_object fo_type="元素" font_color="-16777216" font_name="Dialog" font_size="10" font_style="0" id="4"/>
			<font_object fo_type="資料類型" font_color="-16744448" font_name="Dialog" font_size="10" font_style="0" id="5"/>
			<font_object fo_type="主索引鍵元素" font_color="-16776961" font_name="Dialog" font_size="10" font_style="0" id="7"/>
			<font_object fo_type="外來索引鍵元素" font_color="-16777216" font_name="Dialog" font_size="10" font_style="0" id="8"/>
			<font_object fo_type="唯一索引鍵元素" font_color="-16776961" font_name="Dialog" font_size="10" font_style="0" id="9"/>
			<font_object fo_type="非空值" font_color="-65536" font_name="Dialog" font_size="10" font_style="0" id="10"/>
			<font_object fo_type="索引鍵" font_color="-16777216" font_name="Dialog" font_size="10" font_style="0" id="6"/>
			<font_object fo_type="註解" font_color="-12566464" font_name="Dialog" font_size="10" font_style="0" id="28"/>
		</fonts>
		</type>
		<type name="外部" color="-720908" fgcolor="-16776961" prefix="" id="6" preferred="false" >
		<fonts>
			<font_object fo_type="標題" font_color="-16776961" font_name="Dialog" font_size="10" font_style="1" id="1"/>
			<font_object fo_type="元素" font_color="-16777216" font_name="Dialog" font_size="10" font_style="0" id="4"/>
			<font_object fo_type="資料類型" font_color="-16744448" font_name="Dialog" font_size="10" font_style="0" id="5"/>
			<font_object fo_type="主索引鍵元素" font_color="-16776961" font_name="Dialog" font_size="10" font_style="0" id="7"/>
			<font_object fo_type="外來索引鍵元素" font_color="-16777216" font_name="Dialog" font_size="10" font_style="0" id="8"/>
			<font_object fo_type="唯一索引鍵元素" font_color="-16776961" font_name="Dialog" font_size="10" font_style="0" id="9"/>
			<font_object fo_type="非空值" font_color="-65536" font_name="Dialog" font_size="10" font_style="0" id="10"/>
			<font_object fo_type="索引鍵" font_color="-16777216" font_name="Dialog" font_size="10" font_style="0" id="6"/>
			<font_object fo_type="註解" font_color="-12566464" font_name="Dialog" font_size="10" font_style="0" id="28"/>
		</fonts>
		</type>
		</classification_types>
	<default_fonts_and_colors>
		<fc_object classname="Entity" background="-5971457" foreground="-16776961" noBackgroundColor="false" noForegroundColor="false">
		<fonts>
			<font_object fo_type="標題" font_color="-16776961" font_name="Dialog" font_size="10" font_style="1" id="1"/>
			<font_object fo_type="屬性" font_color="-16777216" font_name="Dialog" font_size="10" font_style="0" id="3"/>
			<font_object fo_type="資料類型" font_color="-16744448" font_name="Dialog" font_size="10" font_style="0" id="5"/>
			<font_object fo_type="主索引鍵元素" font_color="-16776961" font_name="Dialog" font_size="10" font_style="0" id="7"/>
			<font_object fo_type="外來索引鍵元素" font_color="-16777216" font_name="Dialog" font_size="10" font_style="0" id="8"/>
			<font_object fo_type="唯一索引鍵元素" font_color="-16776961" font_name="Dialog" font_size="10" font_style="0" id="9"/>
			<font_object fo_type="非空值" font_color="-65536" font_name="Dialog" font_size="10" font_style="0" id="10"/>
			<font_object fo_type="索引鍵" font_color="-16777216" font_name="Dialog" font_size="10" font_style="0" id="6"/>
			<font_object fo_type="註解" font_color="-12566464" font_name="Dialog" font_size="10" font_style="0" id="28"/>
		</fonts>
		</fc_object>
		<fc_object classname="Logical View" background="-25750" foreground="-16776961" noBackgroundColor="false" noForegroundColor="false">
		<fonts>
			<font_object fo_type="標題" font_color="-16776961" font_name="Dialog" font_size="10" font_style="1" id="1"/>
			<font_object fo_type="屬性" font_color="-16777216" font_name="Dialog" font_size="10" font_style="0" id="3"/>
			<font_object fo_type="資料類型" font_color="-16744448" font_name="Dialog" font_size="10" font_style="0" id="5"/>
			<font_object fo_type="註解" font_color="-12566464" font_name="Dialog" font_size="10" font_style="0" id="28"/>
		</fonts>
		</fc_object>
		<fc_object classname="Table" background="-76" foreground="-16776961" noBackgroundColor="false" noForegroundColor="false">
		<fonts>
			<font_object fo_type="標題" font_color="-16776961" font_name="Dialog" font_size="10" font_style="1" id="1"/>
			<font_object fo_type="資料欄" font_color="-16777216" font_name="Dialog" font_size="10" font_style="0" id="2"/>
			<font_object fo_type="資料類型" font_color="-16744448" font_name="Dialog" font_size="10" font_style="0" id="5"/>
			<font_object fo_type="主索引鍵元素" font_color="-16776961" font_name="Dialog" font_size="10" font_style="0" id="7"/>
			<font_object fo_type="外來索引鍵元素" font_color="-16777216" font_name="Dialog" font_size="10" font_style="0" id="8"/>
			<font_object fo_type="唯一索引鍵元素" font_color="-16776961" font_name="Dialog" font_size="10" font_style="0" id="9"/>
			<font_object fo_type="非空值" font_color="-65536" font_name="Dialog" font_size="10" font_style="0" id="10"/>
			<font_object fo_type="索引鍵" font_color="-16777216" font_name="Dialog" font_size="10" font_style="0" id="6"/>
			<font_object fo_type="註解" font_color="-12566464" font_name="Dialog" font_size="10" font_style="0" id="28"/>
		</fonts>
		</fc_object>
		<fc_object classname="Relational View" background="-6881386" foreground="-16776961" noBackgroundColor="false" noForegroundColor="false">
		<fonts>
			<font_object fo_type="標題" font_color="-16776961" font_name="Dialog" font_size="10" font_style="1" id="1"/>
			<font_object fo_type="資料欄" font_color="-16777216" font_name="Dialog" font_size="10" font_style="0" id="2"/>
			<font_object fo_type="資料類型" font_color="-16744448" font_name="Dialog" font_size="10" font_style="0" id="5"/>
			<font_object fo_type="主索引鍵元素" font_color="-16776961" font_name="Dialog" font_size="10" font_style="0" id="7"/>
			<font_object fo_type="外來索引鍵元素" font_color="-16777216" font_name="Dialog" font_size="10" font_style="0" id="8"/>
			<font_object fo_type="唯一索引鍵元素" font_color="-16776961" font_name="Dialog" font_size="10" font_style="0" id="9"/>
			<font_object fo_type="非空值" font_color="-65536" font_name="Dialog" font_size="10" font_style="0" id="10"/>
			<font_object fo_type="索引鍵" font_color="-16777216" font_name="Dialog" font_size="10" font_style="0" id="6"/>
			<font_object fo_type="註解" font_color="-12566464" font_name="Dialog" font_size="10" font_style="0" id="28"/>
		</fonts>
		</fc_object>
		<fc_object classname="Structured Type" background="-7537956" foreground="-16777216" noBackgroundColor="false" noForegroundColor="false">
		<fonts>
			<font_object fo_type="標題" font_color="-16776961" font_name="Dialog" font_size="10" font_style="1" id="1"/>
			<font_object fo_type="屬性" font_color="-16777216" font_name="Dialog" font_size="10" font_style="0" id="3"/>
			<font_object fo_type="資料類型" font_color="-16777056" font_name="Dialog" font_size="10" font_style="0" id="5"/>
			<font_object fo_type="方法" font_color="-16777216" font_name="Dialog" font_size="10" font_style="0" id="11"/>
			<font_object fo_type="不可建立" font_color="-65536" font_name="Dialog" font_size="10" font_style="0" id="12"/>
			<font_object fo_type="必要" font_color="-65536" font_name="Dialog" font_size="10" font_style="0" id="13"/>
		</fonts>
		</fc_object>
		<fc_object classname="Cube" background="-7482" foreground="-16777216" noBackgroundColor="false" noForegroundColor="false">
		<fonts>
			<font_object fo_type="標題" font_color="-16776961" font_name="Dialog" font_size="10" font_style="1" id="1"/>
			<font_object fo_type="事實實體" font_color="-16776961" font_name="Dialog" font_size="10" font_style="0" id="14"/>
			<font_object fo_type="計量類型" font_color="-16776961" font_name="Dialog" font_size="10" font_style="0" id="17"/>
			<font_object fo_type="計量" font_color="-16777216" font_name="Dialog" font_size="10" font_style="0" id="16"/>
			<font_object fo_type="函數" font_color="-16777056" font_name="Dialog" font_size="10" font_style="0" id="20"/>
			<font_object fo_type="公式" font_color="-65536" font_name="Dialog" font_size="10" font_style="0" id="18"/>
			<font_object fo_type="子項至父項屬性" font_color="-16777216" font_name="Dialog" font_size="10" font_style="0" id="19"/>
		</fonts>
		</fc_object>
		<fc_object classname="Dimension" background="-16713196" foreground="-16777216" noBackgroundColor="false" noForegroundColor="false">
		<fonts>
			<font_object fo_type="標題" font_color="-16776961" font_name="Dialog" font_size="10" font_style="1" id="1"/>
		</fonts>
		</fc_object>
		<fc_object classname="Level" background="-1781507" foreground="-16777216" noBackgroundColor="false" noForegroundColor="false">
		<fonts>
			<font_object fo_type="標題" font_color="-16776961" font_name="Dialog" font_size="10" font_style="1" id="1"/>
			<font_object fo_type="層次實體" font_color="-16776961" font_name="Dialog" font_size="10" font_style="0" id="15"/>
			<font_object fo_type="類型" font_color="-16776961" font_name="Dialog" font_size="10" font_style="0" id="21"/>
			<font_object fo_type="屬性" font_color="-16777216" font_name="Dialog" font_size="10" font_style="0" id="3"/>
			<font_object fo_type="函數" font_color="-16777216" font_name="Dialog" font_size="10" font_style="0" id="20"/>
		</fonts>
		</fc_object>
		<fc_object classname="Process" background="-106" foreground="-16777216" noBackgroundColor="false" noForegroundColor="false">
		<fonts>
			<font_object fo_type="標題" font_color="-16776961" font_name="Dialog" font_size="10" font_style="1" id="1"/>
			<font_object fo_type="處理作業編號" font_color="-65536" font_name="Dialog" font_size="10" font_style="0" id="22"/>
			<font_object fo_type="轉換工作" font_color="-16777216" font_name="Dialog" font_size="10" font_style="0" id="23"/>
		</fonts>
		</fc_object>
		<fc_object classname="External Agent" background="-5570646" foreground="-16777216" noBackgroundColor="false" noForegroundColor="false">
		<fonts>
			<font_object fo_type="標題" font_color="-16776961" font_name="Dialog" font_size="10" font_style="1" id="1"/>
		</fonts>
		</fc_object>
		<fc_object classname="Information Store" background="-10170881" foreground="-16777216" noBackgroundColor="false" noForegroundColor="false">
		<fonts>
			<font_object fo_type="標題" font_color="-16776961" font_name="Dialog" font_size="10" font_style="1" id="1"/>
			<font_object fo_type="數值" font_color="-1" font_name="Dialog" font_size="10" font_style="1" id="24"/>
		</fonts>
		</fc_object>
		<fc_object classname="In-Out Parameters" background="-328966" foreground="-16777216" noBackgroundColor="false" noForegroundColor="false">
		<fonts>
			<font_object fo_type="標題" font_color="-16777216" font_name="Dialog" font_size="10" font_style="1" id="1"/>
			<font_object fo_type="參數" font_color="-16777216" font_name="Dialog" font_size="10" font_style="0" id="26"/>
			<font_object fo_type="資料類型" font_color="-65536" font_name="Dialog" font_size="10" font_style="0" id="5"/>
		</fonts>
		</fc_object>
		<fc_object classname="Transformation" background="-43" foreground="-16777216" noBackgroundColor="false" noForegroundColor="false">
		<fonts>
			<font_object fo_type="標題" font_color="-16777216" font_name="Dialog" font_size="10" font_style="1" id="1"/>
			<font_object fo_type="處理作業編號" font_color="-65536" font_name="Dialog" font_size="10" font_style="0" id="22"/>
		</fonts>
		</fc_object>
		<fc_object classname="Note" background="-4144960" foreground="-16777216" noBackgroundColor="false" noForegroundColor="false">
		<fonts>
			<font_object fo_type="標題" font_color="-16777216" font_name="Dialog" font_size="10" font_style="0" id="1"/>
		</fonts>
		</fc_object>
		<fc_object classname="Label" background="-1" foreground="-16777216" noBackgroundColor="true" noForegroundColor="true">
		<fonts>
			<font_object fo_type="文字" font_color="-16777216" font_name="Dialog" font_size="10" font_style="0" id="27"/>
		</fonts>
		</fc_object>
		<fc_object classname="Relationship Attributes" background="-26266" foreground="-16777216" noBackgroundColor="false" noForegroundColor="false">
		<fonts>
			<font_object fo_type="屬性" font_color="-16777216" font_name="Dialog" font_size="10" font_style="0" id="3"/>
			<font_object fo_type="資料類型" font_color="-16744448" font_name="Dialog" font_size="10" font_style="0" id="5"/>
			<font_object fo_type="非空值" font_color="-65536" font_name="Dialog" font_size="10" font_style="0" id="10"/>
		</fonts>
		</fc_object>
		<fc_object classname="Legend" background="-1" foreground="-16777216" noBackgroundColor="false" noForegroundColor="false">
		<fonts>
			<font_object fo_type="圖表" font_color="-16777216" font_name="Dialog" font_size="10" font_style="0" id="29"/>
			<font_object fo_type="作者" font_color="-16777216" font_name="Dialog" font_size="10" font_style="0" id="30"/>
			<font_object fo_type="建立時間" font_color="-16777216" font_name="Dialog" font_size="10" font_style="0" id="31"/>
			<font_object fo_type="修改時間" font_color="-16777216" font_name="Dialog" font_size="10" font_style="0" id="32"/>
			<font_object fo_type="修改者" font_color="-16777216" font_name="Dialog" font_size="10" font_style="0" id="33"/>
			<font_object fo_type="設計" font_color="-16777216" font_name="Dialog" font_size="10" font_style="0" id="34"/>
			<font_object fo_type="模型" font_color="-16777216" font_name="Dialog" font_size="10" font_style="0" id="35"/>
			<font_object fo_type="使用者定義的特性" font_color="-16777216" font_name="Dialog" font_size="10" font_style="0" id="36"/>
		</fonts>
		</fc_object>
	</default_fonts_and_colors>
	<default_line_widths_and_colors>
		<lwc_object classname="Logical Relation" color="-16777216" width="1">
		</lwc_object>
		<lwc_object classname="Logical Inheritance" color="-65536" width="1">
		</lwc_object>
		<lwc_object classname="Relational Foreign Key" color="-16777216" width="1">
		</lwc_object>
		<lwc_object classname="Type Substitution" color="-16725996" width="1">
		</lwc_object>
		<lwc_object classname="Implied Foreign Key" color="-2472729" width="1">
		</lwc_object>
		<lwc_object classname="Datatype Reference" color="-16776961" width="1">
		</lwc_object>
		<lwc_object classname="Datatype Inheritance" color="-65536" width="1">
		</lwc_object>
		<lwc_object classname="Multidimentional Link" color="-16776961" width="1">
		</lwc_object>
		<lwc_object classname="Multidimensional Hierarchy" color="-16725996" width="1">
		</lwc_object>
		<lwc_object classname="Process Flow" color="-65536" width="1">
		</lwc_object>
	</default_line_widths_and_colors>
	<naming_standard_rules>
		<logical>
			<separator value= "Space" char=" "/>
			<entity>
			</entity>
			<attribute>
			</attribute>
		</logical>
		<relational>
			<separator value= "_" abbreviated_only="false"/>
			<table>
			</table>
			<column>
			</column>
		</relational>
		<domains>
			<separator value= " "/>
			<domain>
			</domain>
		</domains>
		<constraints>
			<pk value="{table}_PK"/>
			<fk value="{child}_{parent}_FK"/>
			<ck value="{table}_CK"/>
			<un value="{table}_{column}_UN"/>
			<idx value="{table}_{column}_IDX"/>
			<automatic_idx value="{table}_{column}_IDX"/>
			<colck value="CK_{table}_{column}"/>
			<colnnc value="NNC_{table abbr}_{column}"/>
			<column_foreign_key value="{ref table}_{ref column}"/>
			<ui value="{entity} PK"/>
			<relation_attribute value="{ref entity}_{ref attribute}"/>
			<surrogate_key value="{table abbr}_PK"/>
			<surrogate_key_col value="{table abbr}_ID"/>
			<discriminator_col value="{table abbr}_TYPE"/>
		</constraints>
		<glossaries>
		</glossaries>
	</naming_standard_rules>
	<comparemapping>
	</comparemapping>
	<engineering_params>
		<delete_without_origin value="false"/>
		<engineer_coordinates value="true"/>
		<engineer_generated value="false"/>
		<show_engineering_intree value="false"/>
		<apply_naming_std value="true"/>
		<use_pref_abbreviation value="true"/>
		<upload_directory value=""/>
		<date_format value="YYYY/MM/DD HH24:MI:SS"/>
		<timestamp_format value="YYYY/MM/DD HH24:MI:SS.FF"/>
		<timestamp_tz_format value="YYYY/MM/DD HH24:MI:SS.FFTZH:TZM"/>
	</engineering_params>
	<eng_compare show_sel_prop_only="true" not_apply_for_new_objects="true" exclude_from_tree="false">
		<entity_table>
			<property name="名稱" selected="true"/>
			<property name="簡短名稱 / 縮寫" selected="true"/>
			<property name="已不再使用" selected="true"/>
			<property name="註解" selected="true"/>
			<property name="RDBMS 中的註解" selected="true"/>
			<property name="備註" selected="true"/>
			<property name="暫時表格範圍" selected="true"/>
			<property name="表格類型" selected="true"/>
			<property name="結構化類型" selected="true"/>
			<property name="類型替代 (超級類型物件)" selected="true"/>
			<property name="允許類型替代" selected="true"/>
			<property name="最小磁碟區" selected="true"/>
			<property name="預期的磁碟區" selected="true"/>
			<property name="最大磁碟區" selected="true"/>
			<property name="成長百分比" selected="true"/>
			<property name="成長類型" selected="true"/>
			<property name="正規化" selected="true"/>
			<property name="適當正規化" selected="true"/>
		</entity_table>
		<attribute_column>
			<property name="名稱" selected="true"/>
			<property name="已不再使用" selected="true"/>
			<property name="資料類型" selected="true"/>
			<property name="資料類型種類" selected="true"/>
			<property name="必要" selected="true"/>
			<property name="預設值" selected="true"/>
			<property name="檢查限制條件名稱" selected="true"/>
			<property name="使用網域限制條件" selected="true"/>
			<property name="檢查限制條件" selected="true"/>
			<property name="範圍限制條件" selected="true"/>
			<property name="值清單限制條件" selected="true"/>
			<property name="註解" selected="true"/>
			<property name="RDBMS 中的註解" selected="true"/>
			<property name="備註" selected="true"/>
			<property name="來源類型" selected="true"/>
			<property name="公式描述" selected="true"/>
			<property name="類型替代" selected="true"/>
			<property name="範圍" selected="true"/>
		</attribute_column>
		<key_index>
			<property name="名稱" selected="true"/>
			<property name="已不再使用" selected="true"/>
			<property name="註解" selected="true"/>
			<property name="RDBMS 中的註解" selected="true"/>
			<property name="備註" selected="true"/>
			<property name="主索引鍵" selected="true"/>
			<property name="屬性/資料欄" selected="true"/>
		</key_index>
		<relation_fk>
			<property name="名稱" selected="true"/>
			<property name="刪除規則" selected="true"/>
			<property name="註解" selected="true"/>
			<property name="RDBMS 中的註解" selected="true"/>
			<property name="備註" selected="true"/>
		</relation_fk>
		<relation_table>
			<property name="名稱" selected="true"/>
			<property name="註解" selected="true"/>
			<property name="RDBMS 中的註解" selected="true"/>
			<property name="備註" selected="true"/>
		</relation_table>
		<entityview_view>
			<property name="名稱" selected="true"/>
			<property name="已不再使用" selected="true"/>
			<property name="註解" selected="true"/>
			<property name="RDBMS 中的註解" selected="true"/>
			<property name="備註" selected="true"/>
			<property name="結構化類型" selected="true"/>
			<property name="類型替代 (超級類型物件)" selected="true"/>
			<property name="WHERE" selected="true"/>
			<property name="HAVING" selected="true"/>
			<property name="使用者定義的 SQL" selected="true"/>
		</entityview_view>
	</eng_compare>
	<model_compare_props_filter>
	</model_compare_props_filter>
	<model_compare_dyn_props_filter>
	</model_compare_dyn_props_filter>
	<model_compare_storage_props_filter>
	</model_compare_storage_props_filter>
	<naming_options>
		<model_options objectid="713C97BC-60A2-5BA6-94A5-EF91F70B58E9">
			<naming_option class_name="oracle.dbtools.crest.model.design.relational.Table" max_name_length="128" case_type="2" valid_characters="null" all_valid="true" />
			<naming_option class_name="oracle.dbtools.crest.model.design.relational.Column" max_name_length="128" case_type="2" valid_characters="null" all_valid="true" />
			<naming_option class_name="oracle.dbtools.crest.model.design.relational.TableView" max_name_length="128" case_type="2" valid_characters="null" all_valid="true" />
			<naming_option class_name="oracle.dbtools.crest.model.design.relational.Index" max_name_length="128" case_type="2" valid_characters="null" all_valid="true" />
			<naming_option class_name="oracle.dbtools.crest.model.design.constraint.TableLevelConstraint" max_name_length="128" case_type="2" valid_characters="null" all_valid="true" />
		</model_options>
		<model_options objectid="3B186AFB-00EF-5B96-2BE7-B12EAE22B99F">
			<naming_option class_name="oracle.dbtools.crest.model.design.logical.Entity" max_name_length="254" case_type="2" valid_characters="" all_valid="true" />
			<naming_option class_name="oracle.dbtools.crest.model.design.logical.Attribute" max_name_length="254" case_type="2" valid_characters="" all_valid="true" />
			<naming_option class_name="oracle.dbtools.crest.model.design.logical.EntityView" max_name_length="254" case_type="2" valid_characters="" all_valid="true" />
		</model_options>
	</naming_options>
	<deleted_files>
	</deleted_files>
	<dynamic_properties>
	</dynamic_properties>
	<design_estimates>
		<logical_model_estimates>
			<entities value="70"/>
			<relations value="70"/>
			<views value="70"/>
			<arcs value="70"/>
		</logical_model_estimates>
		<data_types_model_estimates>
			<structured_types value="70"/>
			<collection_types value="70"/>
			<distinct_types value="70"/>
		</data_types_model_estimates>
		<relational_model_estimates>
			<relational_model_0_estimates>
				<relational_model_name value="all_table_design"/>
				<tables value="70"/>
				<views value="70"/>
				<foreign_keys value="70"/>
				<schemas value="70"/>
				<subviews value="70"/>
				<arcs value="70"/>
				<physical_models_estimates>
							<physical_model_713C97BC-60A2-5BA6-94A5-EF91F70B58E9_Oracle_Database_12cR2>
								<physical_model_name value="Oracle Database 12cR2"/>
								<clusters value="70"/>
								<contexts value="70"/>
								<dBs value="70"/>
								<dimensions value="70"/>
								<directories value="70"/>
								<diskGroups value="70"/>
								<externalTables value="70"/>
								<snapshots value="70"/>
								<roles value="70"/>
								<rollbackSegments value="70"/>
								<segments value="70"/>
								<sequences value="70"/>
								<storedProcedures value="70"/>
								<functions value="70"/>
								<packages value="70"/>
								<collectionTypes value="70"/>
								<structuredTypes value="70"/>
								<synonyms value="70"/>
								<tables value="70"/>
								<tableSpaces value="70"/>
								<temporaryTableSpaces value="70"/>
								<undoTableSpaces value="70"/>
								<users value="70"/>
								<views value="70"/>
								<triggers value="70"/>
							</physical_model_713C97BC-60A2-5BA6-94A5-EF91F70B58E9_Oracle_Database_12cR2>
				</physical_models_estimates>
			</relational_model_0_estimates>
		</relational_model_estimates>
	</design_estimates>
</settings>
