<?xml version = '1.0' encoding = 'UTF-8'?>
<relationalModel class="oracle.dbtools.crest.model.design.relational.RelationalDesign" name="all_table_design" id="713C97BC-60A2-5BA6-94A5-EF91F70B58E9" mainViewID="F9F29E44-1E0B-526A-2DF6-A90BD6AE97E8">
<createdBy>Student</createdBy>
<createdTime>2020-10-20 09:40:45 UTC</createdTime>
<ownerDesignName>all</ownerDesignName>
<shouldBeOpen>false</shouldBeOpen>
<selectedRDBMSSite>79C73AAF-E1A7-E669-7DF0-025EE81A2AFC</selectedRDBMSSite>
<importDDLFileStamps>
<importDDLFileStamp class="oracle.dbtools.crest.imports.DDLFileStamp">
<fileName>all.ddl</fileName>
<pathName>C:\專題\MountainEX_Project\DB</pathName>
<dbType>14</dbType>
</importDDLFileStamp>
</importDDLFileStamps>
</relationalModel>