<?xml version = '1.0' encoding = 'UTF-8'?>
<SequenceOraclev10g class="oracle.dbtools.crest.model.design.storage.oracle.v10g.SequenceOraclev10g" name="seq_area" directorySegmentName="seg_0" id="11C56AE8-AA1D-FDB5-A9A3-8C4443FC8F5B">
<sourceDDLFile>all.ddl</sourceDDLFile>
<createdBy>Student</createdBy>
<createdTime>2020-10-20 09:42:06 UTC</createdTime>
<ownerDesignName>all</ownerDesignName>
<maxValue>199</maxValue>
<minValue>1</minValue>
<noCache>YES</noCache>
<order>YES</order>
<startWith>100</startWith>
</SequenceOraclev10g>