<?xml version = '1.0' encoding = 'UTF-8'?>
<SequenceOraclev10g class="oracle.dbtools.crest.model.design.storage.oracle.v10g.SequenceOraclev10g" name="seq_route" directorySegmentName="seg_0" id="13314234-5BB9-A6F3-39FC-285D8E287BBD">
<sourceDDLFile>all.ddl</sourceDDLFile>
<createdBy>Student</createdBy>
<createdTime>2020-10-20 09:42:06 UTC</createdTime>
<ownerDesignName>all</ownerDesignName>
<cache>10</cache>
<incrementBy>1</incrementBy>
<maxValue>3999</maxValue>
<minValue>3000</minValue>
<order>YES</order>
<startWith>3000</startWith>
</SequenceOraclev10g>