<?xml version = '1.0' encoding = 'UTF-8'?>
<SequenceOraclev10g class="oracle.dbtools.crest.model.design.storage.oracle.v10g.SequenceOraclev10g" name="seq_np" directorySegmentName="seg_0" id="22C177BD-D346-6FDE-5299-A287067A39D3">
<sourceDDLFile>all.ddl</sourceDDLFile>
<createdBy>Student</createdBy>
<createdTime>2020-10-20 09:42:06 UTC</createdTime>
<ownerDesignName>all</ownerDesignName>
<maxValue>399</maxValue>
<minValue>300</minValue>
<noCache>YES</noCache>
<order>YES</order>
<startWith>300</startWith>
</SequenceOraclev10g>