<?xml version = '1.0' encoding = 'UTF-8'?>
<SequenceOraclev10g class="oracle.dbtools.crest.model.design.storage.oracle.v10g.SequenceOraclev10g" name="seq_act_history" directorySegmentName="seg_0" id="2855BEAE-D97E-19D0-695A-04287DE05521">
<sourceDDLFile>all.ddl</sourceDDLFile>
<createdBy>Student</createdBy>
<createdTime>2020-10-20 09:42:06 UTC</createdTime>
<ownerDesignName>all</ownerDesignName>
<cache>10</cache>
<incrementBy>1</incrementBy>
<maxValue>4999999</maxValue>
<minValue>4000000</minValue>
<order>YES</order>
<startWith>4000000</startWith>
</SequenceOraclev10g>