<?xml version = '1.0' encoding = 'UTF-8'?>
<SequenceOraclev10g class="oracle.dbtools.crest.model.design.storage.oracle.v10g.SequenceOraclev10g" name="seq_side_resp" directorySegmentName="seg_0" id="2A2F314A-B5C4-6745-B29B-3FA99E72FE8C">
<sourceDDLFile>all.ddl</sourceDDLFile>
<createdBy>Student</createdBy>
<createdTime>2020-10-20 09:42:06 UTC</createdTime>
<ownerDesignName>all</ownerDesignName>
<cache>10</cache>
<incrementBy>1</incrementBy>
<maxValue>49999999</maxValue>
<minValue>40000000</minValue>
<order>YES</order>
<startWith>40000000</startWith>
</SequenceOraclev10g>