<?xml version = '1.0' encoding = 'UTF-8'?>
<SequenceOraclev10g class="oracle.dbtools.crest.model.design.storage.oracle.v10g.SequenceOraclev10g" name="seq_act_reg" directorySegmentName="seg_0" id="3B0F97D4-0A4A-F87D-2228-9396F6A6E23A">
<sourceDDLFile>all.ddl</sourceDDLFile>
<createdBy>Student</createdBy>
<createdTime>2020-10-20 09:42:06 UTC</createdTime>
<ownerDesignName>all</ownerDesignName>
<cache>10</cache>
<cycle>YES</cycle>
<incrementBy>1</incrementBy>
<maxValue>4999999</maxValue>
<minValue>4000000</minValue>
<order>YES</order>
<startWith>4000000</startWith>
</SequenceOraclev10g>