<?xml version = '1.0' encoding = 'UTF-8'?>
<SequenceOraclev10g class="oracle.dbtools.crest.model.design.storage.oracle.v10g.SequenceOraclev10g" name="seq_camp" directorySegmentName="seg_0" id="6E9CFFF7-11D8-D78A-66E1-0BED6EF9E9ED">
<sourceDDLFile>all.ddl</sourceDDLFile>
<createdBy>Student</createdBy>
<createdTime>2020-10-20 09:42:06 UTC</createdTime>
<ownerDesignName>all</ownerDesignName>
<cache>10</cache>
<incrementBy>1</incrementBy>
<maxValue>25999</maxValue>
<minValue>21000</minValue>
<order>YES</order>
<startWith>21000</startWith>
</SequenceOraclev10g>