<?xml version = '1.0' encoding = 'UTF-8'?>
<SequenceOraclev10g class="oracle.dbtools.crest.model.design.storage.oracle.v10g.SequenceOraclev10g" name="seq_house" directorySegmentName="seg_0" id="8131AAE6-10C2-BCE7-C93E-77AA7FBAE3D6">
<sourceDDLFile>all.ddl</sourceDDLFile>
<createdBy>Student</createdBy>
<createdTime>2020-10-20 09:42:06 UTC</createdTime>
<ownerDesignName>all</ownerDesignName>
<cache>10</cache>
<incrementBy>1</incrementBy>
<maxValue>29999</maxValue>
<minValue>26000</minValue>
<order>YES</order>
<startWith>26000</startWith>
</SequenceOraclev10g>