<?xml version = '1.0' encoding = 'UTF-8'?>
<SequenceOraclev10g class="oracle.dbtools.crest.model.design.storage.oracle.v10g.SequenceOraclev10g" name="seq_activity" directorySegmentName="seg_0" id="8E1F75D8-2F86-DE8B-448A-E1BD7F004A28">
<sourceDDLFile>all.ddl</sourceDDLFile>
<createdBy>Student</createdBy>
<createdTime>2020-10-20 09:42:06 UTC</createdTime>
<ownerDesignName>all</ownerDesignName>
<cache>10</cache>
<cycle>YES</cycle>
<incrementBy>1</incrementBy>
<maxValue>49999</maxValue>
<minValue>40000</minValue>
<order>YES</order>
<startWith>40000</startWith>
</SequenceOraclev10g>