<?xml version = '1.0' encoding = 'UTF-8'?>
<SequenceOraclev10g class="oracle.dbtools.crest.model.design.storage.oracle.v10g.SequenceOraclev10g" name="seq_memberid" directorySegmentName="seg_0" id="8FD13BB6-39AA-36AF-ABE9-863B65A2F350">
<sourceDDLFile>all.ddl</sourceDDLFile>
<createdBy>Student</createdBy>
<createdTime>2020-10-20 09:42:06 UTC</createdTime>
<ownerDesignName>all</ownerDesignName>
<cache>10</cache>
<incrementBy>4</incrementBy>
<maxValue>9999999</maxValue>
<minValue>1</minValue>
<order>YES</order>
<startWith>1000000</startWith>
</SequenceOraclev10g>