<?xml version = '1.0' encoding = 'UTF-8'?>
<SequenceOraclev10g class="oracle.dbtools.crest.model.design.storage.oracle.v10g.SequenceOraclev10g" name="seq_orderitems" directorySegmentName="seg_0" id="9BE4482F-0A83-01CB-35CC-099ADD7F8587">
<sourceDDLFile>all.ddl</sourceDDLFile>
<createdBy>Student</createdBy>
<createdTime>2020-10-20 09:42:06 UTC</createdTime>
<ownerDesignName>all</ownerDesignName>
<cache>10</cache>
<cycle>YES</cycle>
<maxValue>6999999</maxValue>
<minValue>6000000</minValue>
<order>YES</order>
<startWith>6000000</startWith>
</SequenceOraclev10g>