<?xml version = '1.0' encoding = 'UTF-8'?>
<SequenceOraclev10g class="oracle.dbtools.crest.model.design.storage.oracle.v10g.SequenceOraclev10g" name="seq_county" directorySegmentName="seg_0" id="A20C52E5-197A-C947-5877-402E327B5688">
<sourceDDLFile>all.ddl</sourceDDLFile>
<createdBy>Student</createdBy>
<createdTime>2020-10-20 09:42:06 UTC</createdTime>
<ownerDesignName>all</ownerDesignName>
<maxValue>2999</maxValue>
<minValue>2000</minValue>
<noCache>YES</noCache>
<order>YES</order>
<startWith>2000</startWith>
</SequenceOraclev10g>