<?xml version = '1.0' encoding = 'UTF-8'?>
<SequenceOraclev10g class="oracle.dbtools.crest.model.design.storage.oracle.v10g.SequenceOraclev10g" name="seq_shopitem" directorySegmentName="seg_0" id="AA065028-19A0-7CA0-802E-302EFCA7B0C2">
<sourceDDLFile>all.ddl</sourceDDLFile>
<createdBy>Student</createdBy>
<createdTime>2020-10-20 09:42:06 UTC</createdTime>
<ownerDesignName>all</ownerDesignName>
<cache>10</cache>
<incrementBy>1</incrementBy>
<maxValue>619999</maxValue>
<minValue>600000</minValue>
<order>YES</order>
<startWith>600000</startWith>
</SequenceOraclev10g>