<?xml version = '1.0' encoding = 'UTF-8'?>
<SequenceOraclev10g class="oracle.dbtools.crest.model.design.storage.oracle.v10g.SequenceOraclev10g" name="seq_memberstatus" directorySegmentName="seg_0" id="D63AB151-5720-75E0-6C46-C5D34EE49F0A">
<sourceDDLFile>all.ddl</sourceDDLFile>
<createdBy>Student</createdBy>
<createdTime>2020-10-20 09:42:06 UTC</createdTime>
<ownerDesignName>all</ownerDesignName>
<incrementBy>10</incrementBy>
<maxValue>190</maxValue>
<minValue>10</minValue>
<noCache>YES</noCache>
<order>YES</order>
<startWith>100</startWith>
</SequenceOraclev10g>