<?xml version = '1.0' encoding = 'UTF-8'?>
<SequenceOraclev10g class="oracle.dbtools.crest.model.design.storage.oracle.v10g.SequenceOraclev10g" name="seq_order" directorySegmentName="seg_0" id="E43F5FCF-06D3-9921-CFEF-D0F94D23C376">
<sourceDDLFile>all.ddl</sourceDDLFile>
<createdBy>Student</createdBy>
<createdTime>2020-10-20 09:42:06 UTC</createdTime>
<ownerDesignName>all</ownerDesignName>
<cache>10</cache>
<cycle>YES</cycle>
<maxValue>6999999</maxValue>
<minValue>6200000</minValue>
<order>YES</order>
<startWith>6200000</startWith>
</SequenceOraclev10g>