<?xml version = '1.0' encoding = 'UTF-8'?>
<SequenceOraclev10g class="oracle.dbtools.crest.model.design.storage.oracle.v10g.SequenceOraclev10g" name="seq_second" directorySegmentName="seg_0" id="F69C0EFE-A85B-FECD-D8AD-17A436C11EA7">
<sourceDDLFile>all.ddl</sourceDDLFile>
<createdBy>Student</createdBy>
<createdTime>2020-10-20 09:42:06 UTC</createdTime>
<ownerDesignName>all</ownerDesignName>
<maxValue>6999</maxValue>
<minValue>6000</minValue>
<noCache>YES</noCache>
<order>YES</order>
<startWith>6000</startWith>
</SequenceOraclev10g>