<?xml version = '1.0' encoding = 'UTF-8'?>
<FKIndexAssociation class="oracle.dbtools.crest.model.design.relational.FKIndexAssociation" directorySegmentName="seg_0" id="022A3D0D-F61C-FFF3-572E-09A8509D21A0" containerWithKeyObject="C6B6F416-66BC-590E-AFCD-802EB2A13365" localFKIndex="301AFAEA-1909-45FC-12BD-949B6B8DCD1B" name="route_basic_national_park_fk">
<sourceDDLFile>all.ddl</sourceDDLFile>
<createdBy>Student</createdBy>
<createdTime>2020-10-20 09:42:12 UTC</createdTime>
<ownerDesignName>all</ownerDesignName>
<importedID>E851713E-CA31-BC86-FB77-CBFD80FBD279</importedID>
<referredTableLongName>national_park</referredTableLongName>
<deleteRule>NO ACTION</deleteRule>
<referredTableID>057FE066-0F97-80ED-DA48-11641D664044</referredTableID>
<keyObject>3058B5C4-2F7B-577D-C801-E62ED5332EFD</keyObject>
<referredKeyID>3058B5C4-2F7B-577D-C801-E62ED5332EFD</referredKeyID>
<mandatory>true</mandatory>
<refColNames>id</refColNames>
<transferable>true</transferable>
<rely>false</rely>
<columnDependencyConstraintGenerateInDDL>true</columnDependencyConstraintGenerateInDDL>
</FKIndexAssociation>