<?xml version = '1.0' encoding = 'UTF-8'?>
<FKIndexAssociation class="oracle.dbtools.crest.model.design.relational.FKIndexAssociation" directorySegmentName="seg_0" id="06746017-D164-FA24-657D-5694C27AF3A1" containerWithKeyObject="F578ABC9-507F-E6D5-F98D-8E21134BCEA6" localFKIndex="61BD4ED0-1507-686C-D514-AAB32ADC94F9" name="activity_sideresp_activity_response_fk">
<sourceDDLFile>all.ddl</sourceDDLFile>
<createdBy>Student</createdBy>
<createdTime>2020-10-20 09:42:12 UTC</createdTime>
<ownerDesignName>all</ownerDesignName>
<importedID>5624C78C-F4F6-AD21-87D3-449AE80A6F70</importedID>
<referredTableLongName>activity_response</referredTableLongName>
<deleteRule>CASCADE</deleteRule>
<referredTableID>8EFEB43E-C8AC-065B-4C25-D107F7A87DF0</referredTableID>
<keyObject>A72FD3BD-0906-49D6-7C2E-5E3135ADE75E</keyObject>
<referredKeyID>A72FD3BD-0906-49D6-7C2E-5E3135ADE75E</referredKeyID>
<mandatory>true</mandatory>
<refColNames>seqno</refColNames>
<transferable>true</transferable>
<rely>false</rely>
<columnDependencyConstraintGenerateInDDL>true</columnDependencyConstraintGenerateInDDL>
</FKIndexAssociation>