<?xml version = '1.0' encoding = 'UTF-8'?>
<FKIndexAssociation class="oracle.dbtools.crest.model.design.relational.FKIndexAssociation" directorySegmentName="seg_0" id="325441BD-42C2-B4E4-C47B-A455923AE845" containerWithKeyObject="E301B2C1-EECF-28AB-74D2-3BDC4750B3AF" localFKIndex="19B72464-895B-72DB-0E1A-5C0E8B7F0861" name="membersummary_memberbasic_fk">
<sourceDDLFile>all.ddl</sourceDDLFile>
<createdBy>Student</createdBy>
<createdTime>2020-10-20 09:42:12 UTC</createdTime>
<ownerDesignName>all</ownerDesignName>
<importedID>490A99DB-3FBE-AA30-6FC6-281CB6637675</importedID>
<referredTableLongName>member_basic</referredTableLongName>
<deleteRule>CASCADE</deleteRule>
<referredTableID>5ECEEC7A-31F7-FD3A-3208-0E9D98572B98</referredTableID>
<keyObject>C8F9B246-337A-9D22-227F-945ECDBEEA77</keyObject>
<referredKeyID>C8F9B246-337A-9D22-227F-945ECDBEEA77</referredKeyID>
<mandatory>true</mandatory>
<refColNames>id</refColNames>
<transferable>true</transferable>
<rely>false</rely>
<columnDependencyConstraintGenerateInDDL>true</columnDependencyConstraintGenerateInDDL>
</FKIndexAssociation>