<?xml version = '1.0' encoding = 'UTF-8'?>
<FKIndexAssociation class="oracle.dbtools.crest.model.design.relational.FKIndexAssociation" directorySegmentName="seg_0" id="3494D0D9-00B9-6C70-A728-761521D1C0CE" containerWithKeyObject="8EFEB43E-C8AC-065B-4C25-D107F7A87DF0" localFKIndex="EE71C2E4-DDAA-8239-6A33-8321B3716D6D" name="activity_response_member_basic_fk">
<sourceDDLFile>all.ddl</sourceDDLFile>
<createdBy>Student</createdBy>
<createdTime>2020-10-20 09:42:12 UTC</createdTime>
<ownerDesignName>all</ownerDesignName>
<importedID>7CAC6F33-4FF2-0849-BEA1-992EE8DF408C</importedID>
<referredTableLongName>member_basic</referredTableLongName>
<deleteRule>CASCADE</deleteRule>
<referredTableID>5ECEEC7A-31F7-FD3A-3208-0E9D98572B98</referredTableID>
<keyObject>C8F9B246-337A-9D22-227F-945ECDBEEA77</keyObject>
<referredKeyID>C8F9B246-337A-9D22-227F-945ECDBEEA77</referredKeyID>
<mandatory>true</mandatory>
<refColNames>id</refColNames>
<transferable>true</transferable>
<rely>false</rely>
<columnDependencyConstraintGenerateInDDL>true</columnDependencyConstraintGenerateInDDL>
</FKIndexAssociation>