<?xml version = '1.0' encoding = 'UTF-8'?>
<FKIndexAssociation class="oracle.dbtools.crest.model.design.relational.FKIndexAssociation" directorySegmentName="seg_0" id="488CC826-D337-901B-2FC5-734D2FE7B180" containerWithKeyObject="2867577B-4841-AE18-7F72-3B96EF46B696" localFKIndex="1188559B-D702-EBE4-5BF8-7AF6ED2A98B2" name="orders_item_basic_fk">
<sourceDDLFile>all.ddl</sourceDDLFile>
<createdBy>Student</createdBy>
<createdTime>2020-10-20 09:42:12 UTC</createdTime>
<ownerDesignName>all</ownerDesignName>
<importedID>C0275040-B1C1-2C42-BE02-04ABB05E6242</importedID>
<referredTableLongName>item_basic</referredTableLongName>
<deleteRule>CASCADE</deleteRule>
<referredTableID>3B2CE22C-67B6-FB91-AE53-7BA35EE18F44</referredTableID>
<keyObject>173F9A81-9D1C-A889-08E6-C88A586ABFD1</keyObject>
<referredKeyID>173F9A81-9D1C-A889-08E6-C88A586ABFD1</referredKeyID>
<mandatory>true</mandatory>
<refColNames>seqno</refColNames>
<transferable>true</transferable>
<rely>false</rely>
<columnDependencyConstraintGenerateInDDL>true</columnDependencyConstraintGenerateInDDL>
</FKIndexAssociation>