<?xml version = '1.0' encoding = 'UTF-8'?>
<FKIndexAssociation class="oracle.dbtools.crest.model.design.relational.FKIndexAssociation" directorySegmentName="seg_0" id="52AC887E-2954-EAC5-DAA1-48F55F21DCB8" containerWithKeyObject="30A83805-1181-C103-B29F-C6252927B7AC" localFKIndex="C94BBAAC-1B5C-68B2-54F8-470693A3AD5D" name="activity_registry_member_basic_fk">
<sourceDDLFile>all.ddl</sourceDDLFile>
<createdBy>Student</createdBy>
<createdTime>2020-10-20 09:42:12 UTC</createdTime>
<ownerDesignName>all</ownerDesignName>
<importedID>E4DBA9FE-2B29-69A5-6278-BB383FE17A9C</importedID>
<referredTableLongName>member_basic</referredTableLongName>
<deleteRule>CASCADE</deleteRule>
<referredTableID>5ECEEC7A-31F7-FD3A-3208-0E9D98572B98</referredTableID>
<keyObject>C8F9B246-337A-9D22-227F-945ECDBEEA77</keyObject>
<referredKeyID>C8F9B246-337A-9D22-227F-945ECDBEEA77</referredKeyID>
<mandatory>true</mandatory>
<refColNames>id</refColNames>
<transferable>true</transferable>
<rely>false</rely>
<columnDependencyConstraintGenerateInDDL>true</columnDependencyConstraintGenerateInDDL>
</FKIndexAssociation>