<?xml version = '1.0' encoding = 'UTF-8'?>
<FKIndexAssociation class="oracle.dbtools.crest.model.design.relational.FKIndexAssociation" directorySegmentName="seg_0" id="5CD887A6-1B4E-0365-0B78-6A73332BC891" containerWithKeyObject="83929C99-9367-D3FE-328A-82582E6052A2" localFKIndex="B9144EE0-3FCB-ECA0-1E80-BD11579804A1" name="item_info_item_basic_fk">
<sourceDDLFile>all.ddl</sourceDDLFile>
<createdBy>Student</createdBy>
<createdTime>2020-10-20 09:42:12 UTC</createdTime>
<ownerDesignName>all</ownerDesignName>
<importedID>E2C6906B-B9EA-ACDC-ACA8-DE3BA99DD663</importedID>
<referredTableLongName>item_basic</referredTableLongName>
<deleteRule>CASCADE</deleteRule>
<referredTableID>3B2CE22C-67B6-FB91-AE53-7BA35EE18F44</referredTableID>
<keyObject>173F9A81-9D1C-A889-08E6-C88A586ABFD1</keyObject>
<referredKeyID>173F9A81-9D1C-A889-08E6-C88A586ABFD1</referredKeyID>
<mandatory>true</mandatory>
<refColNames>seqno</refColNames>
<transferable>true</transferable>
<rely>false</rely>
<columnDependencyConstraintGenerateInDDL>true</columnDependencyConstraintGenerateInDDL>
</FKIndexAssociation>