<?xml version = '1.0' encoding = 'UTF-8'?>
<FKIndexAssociation class="oracle.dbtools.crest.model.design.relational.FKIndexAssociation" directorySegmentName="seg_0" id="5FEC4B14-F682-30EA-6002-34983D0FED30" containerWithKeyObject="BF1ED4E5-5DB8-1E2B-1F8A-91A9A7BB4C9A" localFKIndex="4190733F-9BA7-6DA7-94D3-64F14809774E" name="house_basic_national_park_fk">
<sourceDDLFile>all.ddl</sourceDDLFile>
<createdBy>Student</createdBy>
<createdTime>2020-10-20 09:42:12 UTC</createdTime>
<ownerDesignName>all</ownerDesignName>
<importedID>2A8B0F32-06A9-4E69-9A17-53715B78F4EF</importedID>
<referredTableLongName>national_park</referredTableLongName>
<deleteRule>NO ACTION</deleteRule>
<referredTableID>057FE066-0F97-80ED-DA48-11641D664044</referredTableID>
<keyObject>3058B5C4-2F7B-577D-C801-E62ED5332EFD</keyObject>
<referredKeyID>3058B5C4-2F7B-577D-C801-E62ED5332EFD</referredKeyID>
<mandatory>true</mandatory>
<refColNames>id</refColNames>
<transferable>true</transferable>
<rely>false</rely>
<columnDependencyConstraintGenerateInDDL>true</columnDependencyConstraintGenerateInDDL>
</FKIndexAssociation>