<?xml version = '1.0' encoding = 'UTF-8'?>
<FKIndexAssociation class="oracle.dbtools.crest.model.design.relational.FKIndexAssociation" directorySegmentName="seg_0" id="6E8663C0-EBD2-0EE7-CF9B-B1C97C8A378B" containerWithKeyObject="650849AF-A5FC-E3D3-E593-C8C110826DB0" localFKIndex="32E28556-947F-3846-BFED-F4F6384E7600" name="house_info_house_basic_fk">
<sourceDDLFile>all.ddl</sourceDDLFile>
<createdBy>Student</createdBy>
<createdTime>2020-10-20 09:42:12 UTC</createdTime>
<ownerDesignName>all</ownerDesignName>
<importedID>887CA3CB-58E5-FC88-CC25-7E47CFFF9346</importedID>
<referredTableLongName>house_basic</referredTableLongName>
<deleteRule>CASCADE</deleteRule>
<referredTableID>BF1ED4E5-5DB8-1E2B-1F8A-91A9A7BB4C9A</referredTableID>
<keyObject>CA572E0D-C029-3B6B-A400-FB44FBA1880B</keyObject>
<referredKeyID>CA572E0D-C029-3B6B-A400-FB44FBA1880B</referredKeyID>
<mandatory>true</mandatory>
<refColNames>id</refColNames>
<transferable>true</transferable>
<rely>false</rely>
<columnDependencyConstraintGenerateInDDL>true</columnDependencyConstraintGenerateInDDL>
</FKIndexAssociation>