<?xml version = '1.0' encoding = 'UTF-8'?>
<FKIndexAssociation class="oracle.dbtools.crest.model.design.relational.FKIndexAssociation" directorySegmentName="seg_0" id="8A724DC7-B1FC-BBA9-3E95-31370D7C2841" containerWithKeyObject="F578ABC9-507F-E6D5-F98D-8E21134BCEA6" localFKIndex="F0D041AF-09CC-EA6C-A795-74EE32DFFF2A" name="activity_sideresp_member_basic_fk">
<sourceDDLFile>all.ddl</sourceDDLFile>
<createdBy>Student</createdBy>
<createdTime>2020-10-20 09:42:12 UTC</createdTime>
<ownerDesignName>all</ownerDesignName>
<importedID>9F9C4975-8CB4-A3F2-B49F-EE972393809D</importedID>
<referredTableLongName>member_basic</referredTableLongName>
<deleteRule>CASCADE</deleteRule>
<referredTableID>5ECEEC7A-31F7-FD3A-3208-0E9D98572B98</referredTableID>
<keyObject>C8F9B246-337A-9D22-227F-945ECDBEEA77</keyObject>
<referredKeyID>C8F9B246-337A-9D22-227F-945ECDBEEA77</referredKeyID>
<mandatory>true</mandatory>
<refColNames>id</refColNames>
<transferable>true</transferable>
<rely>false</rely>
<columnDependencyConstraintGenerateInDDL>true</columnDependencyConstraintGenerateInDDL>
</FKIndexAssociation>