<?xml version = '1.0' encoding = 'UTF-8'?>
<FKIndexAssociation class="oracle.dbtools.crest.model.design.relational.FKIndexAssociation" directorySegmentName="seg_0" id="9B90607C-3752-1604-C6A9-550859308363" containerWithKeyObject="30A83805-1181-C103-B29F-C6252927B7AC" localFKIndex="09A67671-5D18-EDF5-AD40-DC9E79C6D67C" name="activity_registry_activity_basic_fk">
<sourceDDLFile>all.ddl</sourceDDLFile>
<createdBy>Student</createdBy>
<createdTime>2020-10-20 09:42:12 UTC</createdTime>
<ownerDesignName>all</ownerDesignName>
<importedID>77D81540-72A4-40FE-FAAA-55F2BD7E365D</importedID>
<referredTableLongName>activity_basic</referredTableLongName>
<deleteRule>CASCADE</deleteRule>
<referredTableID>A7AFDB27-462A-2F34-925C-12E0B14F1F12</referredTableID>
<keyObject>AEF1B15D-F2FA-CA68-8F9F-F88ADF3C9474</keyObject>
<referredKeyID>AEF1B15D-F2FA-CA68-8F9F-F88ADF3C9474</referredKeyID>
<mandatory>true</mandatory>
<refColNames>seqno</refColNames>
<transferable>true</transferable>
<rely>false</rely>
<columnDependencyConstraintGenerateInDDL>true</columnDependencyConstraintGenerateInDDL>
</FKIndexAssociation>