<?xml version = '1.0' encoding = 'UTF-8'?>
<FKIndexAssociation class="oracle.dbtools.crest.model.design.relational.FKIndexAssociation" directorySegmentName="seg_0" id="ABD19E7B-288A-D690-162E-B9B95E0E1484" containerWithKeyObject="3B2CE22C-67B6-FB91-AE53-7BA35EE18F44" localFKIndex="F64AD81A-A2F4-3551-2DB6-6972222926AB" name="itembasic_second_class_fk">
<sourceDDLFile>all.ddl</sourceDDLFile>
<createdBy>Student</createdBy>
<createdTime>2020-10-20 09:42:12 UTC</createdTime>
<ownerDesignName>all</ownerDesignName>
<importedID>92722E80-DF52-61FE-BDB9-121853F48889</importedID>
<referredTableLongName>second_class</referredTableLongName>
<deleteRule>CASCADE</deleteRule>
<referredTableID>3AA6E4A1-739F-7C94-1099-465342777D85</referredTableID>
<keyObject>9EDF3FBC-ECC8-2AF3-C292-403C2D48D0C2</keyObject>
<referredKeyID>9EDF3FBC-ECC8-2AF3-C292-403C2D48D0C2</referredKeyID>
<mandatory>true</mandatory>
<refColNames>id</refColNames>
<transferable>true</transferable>
<rely>false</rely>
<columnDependencyConstraintGenerateInDDL>true</columnDependencyConstraintGenerateInDDL>
</FKIndexAssociation>