<?xml version = '1.0' encoding = 'UTF-8'?>
<FKIndexAssociation class="oracle.dbtools.crest.model.design.relational.FKIndexAssociation" directorySegmentName="seg_0" id="AE730535-06DD-59A3-CAFF-83548B44EAFA" containerWithKeyObject="59CA7D81-55FB-8F75-7527-18D81F5DE97F" localFKIndex="B50EF73B-F364-8861-068A-F2189B3D2E19" name="route_info_route_basic_fk">
<sourceDDLFile>all.ddl</sourceDDLFile>
<createdBy>Student</createdBy>
<createdTime>2020-10-20 09:42:12 UTC</createdTime>
<ownerDesignName>all</ownerDesignName>
<importedID>ED005883-F562-AAFE-0BDE-7CCBFF6A1AF5</importedID>
<referredTableLongName>route_basic</referredTableLongName>
<deleteRule>NO ACTION</deleteRule>
<referredTableID>C6B6F416-66BC-590E-AFCD-802EB2A13365</referredTableID>
<keyObject>4DD4D06A-1A08-2C86-1DD6-2FECACEC70BA</keyObject>
<referredKeyID>4DD4D06A-1A08-2C86-1DD6-2FECACEC70BA</referredKeyID>
<mandatory>true</mandatory>
<refColNames>id</refColNames>
<transferable>true</transferable>
<rely>false</rely>
<columnDependencyConstraintGenerateInDDL>true</columnDependencyConstraintGenerateInDDL>
</FKIndexAssociation>