<?xml version = '1.0' encoding = 'UTF-8'?>
<FKIndexAssociation class="oracle.dbtools.crest.model.design.relational.FKIndexAssociation" directorySegmentName="seg_0" id="B5150325-4FBF-2DE8-91D3-77DEB161117F" containerWithKeyObject="864B6FEB-6654-FF3F-76E9-DFB180D4EF26" localFKIndex="05D6D162-85C2-2E8E-3FE7-2146EC5C9D39" name="memberpwd_memberbasic_fk">
<sourceDDLFile>all.ddl</sourceDDLFile>
<createdBy>Student</createdBy>
<createdTime>2020-10-20 09:42:12 UTC</createdTime>
<ownerDesignName>all</ownerDesignName>
<importedID>A0471DF8-FEFA-8F6A-1399-F4B3964E5039</importedID>
<referredTableLongName>member_basic</referredTableLongName>
<deleteRule>NO ACTION</deleteRule>
<referredTableID>5ECEEC7A-31F7-FD3A-3208-0E9D98572B98</referredTableID>
<keyObject>C8F9B246-337A-9D22-227F-945ECDBEEA77</keyObject>
<referredKeyID>C8F9B246-337A-9D22-227F-945ECDBEEA77</referredKeyID>
<mandatory>true</mandatory>
<refColNames>id</refColNames>
<transferable>true</transferable>
<rely>false</rely>
<columnDependencyConstraintGenerateInDDL>true</columnDependencyConstraintGenerateInDDL>
</FKIndexAssociation>