<?xml version = '1.0' encoding = 'UTF-8'?>
<FKIndexAssociation class="oracle.dbtools.crest.model.design.relational.FKIndexAssociation" directorySegmentName="seg_0" id="F8852BE5-5815-27B9-BFFF-37ADF7865DC1" containerWithKeyObject="D116C999-55F3-F432-FC85-1B4B395EF309" localFKIndex="38D4A489-8A30-59C3-EBA0-3F1193CDBF98" name="counties_area_fk">
<sourceDDLFile>all.ddl</sourceDDLFile>
<createdBy>Student</createdBy>
<createdTime>2020-10-20 09:42:12 UTC</createdTime>
<ownerDesignName>all</ownerDesignName>
<importedID>2A1CC967-7BB2-8732-E942-8581E39A7990</importedID>
<referredTableLongName>area</referredTableLongName>
<deleteRule>CASCADE</deleteRule>
<referredTableID>AB87A66B-5499-6BEB-EF09-48DA2FA4BE60</referredTableID>
<keyObject>3B1911E9-58A5-65ED-B858-B5183A1B2750</keyObject>
<referredKeyID>3B1911E9-58A5-65ED-B858-B5183A1B2750</referredKeyID>
<mandatory>true</mandatory>
<refColNames>id</refColNames>
<transferable>true</transferable>
<rely>false</rely>
<columnDependencyConstraintGenerateInDDL>true</columnDependencyConstraintGenerateInDDL>
</FKIndexAssociation>