<?xml version = '1.0' encoding = 'UTF-8'?>
<TableProxyOraclev12c class="oracle.dbtools.crest.model.design.storage.oracle.v12c.TableProxyOraclev12c" name="national_park" directorySegmentName="seg_0" id="057FE066-0F97-80ED-DA48-11641D664044">
<createdBy>Student</createdBy>
<createdTime>2020-10-20 09:42:12 UTC</createdTime>
<ownerDesignName>all</ownerDesignName>
<logging>YES</logging>
<partitionedRowMovement>DISABLE</partitionedRowMovement>
<temporaryChanged>false</temporaryChanged>
<accessDriverType>oracle_loader</accessDriverType>
<rejectLimit></rejectLimit>
<columnProxies itemClass="oracle.dbtools.crest.model.design.storage.oracle.v12c.ColumnProxyOraclev12c">
<ColumnProxy name="name" id="01CE8545-D68A-1BE0-25C5-AA69A95CDA60">
<createdBy>Student</createdBy>
<createdTime>2020-10-20 09:42:12 UTC</createdTime>
<ownerDesignName>all</ownerDesignName>
</ColumnProxy>
<ColumnProxy name="id" id="0EB1375A-2F6A-E941-0968-A652BC336064">
<createdBy>Student</createdBy>
<createdTime>2020-10-20 09:42:12 UTC</createdTime>
<ownerDesignName>all</ownerDesignName>
</ColumnProxy>
</columnProxies>
<primaryKeys>
<PrimaryKey class="oracle.dbtools.crest.model.design.storage.oracle.v10g.PKProxyOraclev10g" name="national_park_pk" id="3058B5C4-2F7B-577D-C801-E62ED5332EFD">
<createdBy>Student</createdBy>
<createdTime>2020-10-20 09:42:12 UTC</createdTime>
<ownerDesignName>all</ownerDesignName>
<indexSort>SORTED</indexSort>
</PrimaryKey>
</primaryKeys>
</TableProxyOraclev12c>