<?xml version = '1.0' encoding = 'UTF-8'?>
<TableProxyOraclev12c class="oracle.dbtools.crest.model.design.storage.oracle.v12c.TableProxyOraclev12c" name="orders" directorySegmentName="seg_0" id="2867577B-4841-AE18-7F72-3B96EF46B696">
<createdBy>Student</createdBy>
<createdTime>2020-10-20 09:42:12 UTC</createdTime>
<ownerDesignName>all</ownerDesignName>
<logging>YES</logging>
<partitionedRowMovement>DISABLE</partitionedRowMovement>
<temporaryChanged>false</temporaryChanged>
<accessDriverType>oracle_loader</accessDriverType>
<rejectLimit></rejectLimit>
<columnProxies itemClass="oracle.dbtools.crest.model.design.storage.oracle.v12c.ColumnProxyOraclev12c">
<ColumnProxy name="totalamount" id="0B9210AC-20F6-3711-949C-D431C970276E">
<createdBy>Student</createdBy>
<createdTime>2020-10-20 09:42:12 UTC</createdTime>
<ownerDesignName>all</ownerDesignName>
</ColumnProxy>
<ColumnProxy name="member_basic_id" id="0DA65783-A5ED-EC99-2E4F-A4DC2EDB73E4">
<createdBy>Student</createdBy>
<createdTime>2020-10-20 09:42:12 UTC</createdTime>
<ownerDesignName>all</ownerDesignName>
</ColumnProxy>
<ColumnProxy name="orderno" id="1A5CBBFE-F777-F6CD-6603-A35795EEA40B">
<createdBy>Student</createdBy>
<createdTime>2020-10-20 09:42:12 UTC</createdTime>
<ownerDesignName>all</ownerDesignName>
</ColumnProxy>
<ColumnProxy name="canceltag" id="2DE91B63-4316-DEE5-974E-7D5E07CE45E0">
<createdBy>Student</createdBy>
<createdTime>2020-10-20 09:42:12 UTC</createdTime>
<ownerDesignName>all</ownerDesignName>
</ColumnProxy>
<ColumnProxy name="shippingdate" id="76E1E24A-7A13-0555-4FCA-5A2E7C90CEB2">
<createdBy>Student</createdBy>
<createdTime>2020-10-20 09:42:12 UTC</createdTime>
<ownerDesignName>all</ownerDesignName>
</ColumnProxy>
<ColumnProxy name="item_basic_seqno" id="B4A1451C-A812-FD9A-B56F-767D5648A0B2">
<createdBy>Student</createdBy>
<createdTime>2020-10-20 09:42:12 UTC</createdTime>
<ownerDesignName>all</ownerDesignName>
</ColumnProxy>
<ColumnProxy name="shippingaddress" id="CA8703B1-0DD7-1920-042D-D73CCA7294BA">
<createdBy>Student</createdBy>
<createdTime>2020-10-20 09:42:12 UTC</createdTime>
<ownerDesignName>all</ownerDesignName>
</ColumnProxy>
<ColumnProxy name="orderdate" id="F6D8D92C-8111-66B4-AA73-1EF14F7CE57C">
<createdBy>Student</createdBy>
<createdTime>2020-10-20 09:42:12 UTC</createdTime>
<ownerDesignName>all</ownerDesignName>
</ColumnProxy>
<ColumnProxy name="invoicetitle" id="FEB40364-9C3F-EEBE-B80E-D8F752F83545">
<createdBy>Student</createdBy>
<createdTime>2020-10-20 09:42:12 UTC</createdTime>
<ownerDesignName>all</ownerDesignName>
</ColumnProxy>
</columnProxies>
<indexProxies>
<IndexProxy class="oracle.dbtools.crest.model.design.storage.oracle.v10g.IndexProxyOraclev10g" name="orders_pk" id="3C08AFB3-2724-442D-7432-0A003AA6308D">
<createdBy>Student</createdBy>
<createdTime>2020-10-20 09:42:12 UTC</createdTime>
<ownerDesignName>all</ownerDesignName>
</IndexProxy>
</indexProxies>
<foreignKeys>
<ForeignKey class="oracle.dbtools.crest.model.design.storage.oracle.v10g.FKProxyOraclev10g" name="orders_item_basic_fk" id="1188559B-D702-EBE4-5BF8-7AF6ED2A98B2">
<createdBy>Student</createdBy>
<createdTime>2020-10-20 09:42:12 UTC</createdTime>
<ownerDesignName>all</ownerDesignName>
</ForeignKey>
<ForeignKey class="oracle.dbtools.crest.model.design.storage.oracle.v10g.FKProxyOraclev10g" name="orders_member_basic_fk" id="997C9B78-15FD-785C-C040-8A41A824BC78">
<createdBy>Student</createdBy>
<createdTime>2020-10-20 09:42:12 UTC</createdTime>
<ownerDesignName>all</ownerDesignName>
</ForeignKey>
</foreignKeys>
<primaryKeys>
<PrimaryKey class="oracle.dbtools.crest.model.design.storage.oracle.v10g.PKProxyOraclev10g" name="orders_pk" id="D69816B2-FE8C-A214-59D9-219727D9DEAE">
<createdBy>Student</createdBy>
<createdTime>2020-10-20 09:42:12 UTC</createdTime>
<ownerDesignName>all</ownerDesignName>
<indexSort>SORTED</indexSort>
</PrimaryKey>
</primaryKeys>
</TableProxyOraclev12c>