<?xml version = '1.0' encoding = 'UTF-8'?>
<TableProxyOraclev12c class="oracle.dbtools.crest.model.design.storage.oracle.v12c.TableProxyOraclev12c" name="item_info" directorySegmentName="seg_0" id="83929C99-9367-D3FE-328A-82582E6052A2">
<createdBy>Student</createdBy>
<createdTime>2020-10-20 09:42:12 UTC</createdTime>
<ownerDesignName>all</ownerDesignName>
<logging>YES</logging>
<partitionedRowMovement>DISABLE</partitionedRowMovement>
<temporaryChanged>false</temporaryChanged>
<accessDriverType>oracle_loader</accessDriverType>
<rejectLimit></rejectLimit>
<columnProxies itemClass="oracle.dbtools.crest.model.design.storage.oracle.v12c.ColumnProxyOraclev12c">
<ColumnProxy name="price" id="12833A2C-F4D7-6BFF-02ED-B56DA610A928">
<createdBy>Student</createdBy>
<createdTime>2020-10-20 09:42:12 UTC</createdTime>
<ownerDesignName>all</ownerDesignName>
</ColumnProxy>
<ColumnProxy name="description" id="B39FC289-11AB-AE3C-61C6-7AF0EEC3DDA9">
<createdBy>Student</createdBy>
<createdTime>2020-10-20 09:42:12 UTC</createdTime>
<ownerDesignName>all</ownerDesignName>
</ColumnProxy>
<ColumnProxy name="item_basic_seqno" id="D6F0E290-A9A1-7DB3-3C14-D7B222450F9D">
<createdBy>Student</createdBy>
<createdTime>2020-10-20 09:42:12 UTC</createdTime>
<ownerDesignName>all</ownerDesignName>
</ColumnProxy>
<ColumnProxy name="type" id="DFB315F2-213C-2AEA-9281-6A9DCF99B3AA">
<createdBy>Student</createdBy>
<createdTime>2020-10-20 09:42:12 UTC</createdTime>
<ownerDesignName>all</ownerDesignName>
</ColumnProxy>
<ColumnProxy name="img_url" id="EBB3F66B-AEE2-B4BA-451A-0CFC90474AC0">
<createdBy>Student</createdBy>
<createdTime>2020-10-20 09:42:12 UTC</createdTime>
<ownerDesignName>all</ownerDesignName>
</ColumnProxy>
</columnProxies>
<foreignKeys>
<ForeignKey class="oracle.dbtools.crest.model.design.storage.oracle.v10g.FKProxyOraclev10g" name="item_info_item_basic_fk" id="B9144EE0-3FCB-ECA0-1E80-BD11579804A1">
<createdBy>Student</createdBy>
<createdTime>2020-10-20 09:42:12 UTC</createdTime>
<ownerDesignName>all</ownerDesignName>
</ForeignKey>
</foreignKeys>
<primaryKeys>
<PrimaryKey class="oracle.dbtools.crest.model.design.storage.oracle.v10g.PKProxyOraclev10g" name="allitem_pk" id="9DEE83E3-8B92-0880-B0D0-7375DB79F793">
<createdBy>Student</createdBy>
<createdTime>2020-10-20 09:42:12 UTC</createdTime>
<ownerDesignName>all</ownerDesignName>
<indexSort>SORTED</indexSort>
</PrimaryKey>
</primaryKeys>
</TableProxyOraclev12c>