<?xml version="1.0" encoding="UTF-8"?>
<beans xmlns="http://www.springframework.org/schema/beans"
	xmlns:xsi="http://www.w3.org/2001/XMLSchema-instance"
	xmlns:p="http://www.springframework.org/schema/p"
	xmlns:context="http://www.springframework.org/schema/context"
	xsi:schemaLocation="http://www.springframework.org/schema/beans http://www.springframework.org/schema/beans/spring-beans.xsd
		http://www.springframework.org/schema/context http://www.springframework.org/schema/context/spring-context-4.3.xsd">
	
	<context:annotation-config />
	<context:component-scan base-package="test1" />
	
	<bean id="oracledatasource" class="org.springframework.jndi.JndiObjectFactoryBean">
		<property name="jndiName" value="java:comp/env/Jdbc/HibernateService"></property>
	
	</bean>
	
	<bean id="sessionFactory" destroy-method="destroy" class="org.springframework.orm.hibernate5.LocalSessionFactoryBean">
		<property name="dataSource" ref="oracledatasource"></property>
		<property name="configLocation">
			<value>classpath:hibernate.cfg.xml</value>
		</property>
	</bean>
	
	<bean id="houseBeanDao" class="test1.model.HouseBeanDAO">
		<constructor-arg ref="sessionFactory"></constructor-arg>
	</bean>
	<bean id="houseBeanService" class="test1.model.HouseBeanService">
		<constructor-arg ref="houseBeanDao"></constructor-arg>
	</bean>

	<bean id="logProvider" class="test1.util.LogProvider"></bean>
	
	<!-- LoginDAO loginDAO = new LoginDAO() -->
	<bean id="loginDAO" class="test1.model.LoginDAO"></bean>
	
	<!-- LoginService loginService2 = new LoginService(loginDAO) -->
	<bean id="loginService2" class="test1.model.LoginService">
		<constructor-arg ref="loginDAO"/>
	</bean>
	
	<!-- LoginService loginService1 = new LoginService() -->
	<bean id="loginService1" class="test1.model.LoginService">
		<property name="loginDAO" ref="loginDAO"></property>
	</bean>
	
	
	
	<bean id="msg3" class="test1.model.TestStringConstructorDI"
		p:name="Ja m'apple Java" >
	</bean>
	
	<bean id="truckBean" class="test1.model.TruckBean">
		<property name="id" value="1"></property>
		<property name="brand" value="toyota"></property>
	</bean>
	
	<bean id="toyotaTruck" class="test1.model.TruckBeanStaticFactory" factory-method="geTruckBean">
		<constructor-arg value="1"></constructor-arg>
	</bean>
	<bean id="NessanTruck" class="test1.model.TruckBeanStaticFactory" factory-method="geTruckBean">
		<constructor-arg value="2"></constructor-arg>
	</bean>

	<bean id="truckBeanFactory" class="test1.model.TruckBeanFactoty">
		<property name="map">
			<map>
				<entry key="1">
					<bean class="test1.model.TruckBean">
						<property name="id" value="5"></property>
						<property name="brand" value="BMW"></property>
					</bean>
				</entry>
				<entry key="2">
					<bean class="test1.model.TruckBean">
						<property name="id" value="6"></property>
						<property name="brand" value="MerBenZ"></property>
					</bean>
				</entry>
			</map>
				
		</property>
	</bean>	
	<bean id="bmwTruck" factory-bean="truckBeanFactory" factory-method="geTruckBean">
		<constructor-arg value="1"></constructor-arg>
	</bean>
	<bean id="mbenzTruck" factory-bean="truckBeanFactory" factory-method="geTruckBean">
		<constructor-arg value="2"></constructor-arg>
	</bean> 
	
	<bean id="work1" class="test1.model.Worker">
		<property name="id" value="1001"></property>
		<property name="name" value="mary"></property>
		<property name="title" value="engineer"></property>
	</bean>
	<bean id="work2" class="test1.model.Worker">
		<property name="id" value="1002"></property>
		<property name="name" value="john"></property>
		<property name="title" value="sales"></property>
	</bean> 
	
	<bean id="treeBean" class="test1.model.TreeBean"></bean>
	<bean id="props" class="org.springframework.beans.factory.config.PropertiesFactoryBean">
		<property name="location">
			<value>classpath:tree.properties</value>
		</property>
	</bean> 
	
	<bean id="msg1" class="test1.model.TestStringConstructorDI" scope="singleton" init-method="init" destroy-method="destroy">
		<constructor-arg name="name" value="c'est bon?" />
	</bean>
	
	<bean id="msg2" class="test1.model.TestStringConstructorDI">
		<property name="name" value="il ya dix pommons"></property>
	</bean> 
	
	<!-- <bean id="oracleDatasource" class="org.springframework.jdbc.datasource.DriverManagerDataSource">
		<property name="driverClassName" value="oracle.jdbc.driver.OracleDriver"></property>
		<property name="url" value="jdbc:oracle:thin:@localhost:1521/XEPDB1"></property>
		<property name="username" value="hr"></property>
		<property name="password" value="hr"></property>
	</bean> -->
	
	
	
	
</beans>
