<?xml version = '1.0' encoding = 'UTF-8'?>
<TriggerOraclev10g class="oracle.dbtools.crest.model.design.storage.oracle.v10g.TriggerOraclev10g" name="tri_orderitems" directorySegmentName="seg_0" id="06C929CB-3D87-EC31-2DF3-9F29C6A5CAD6">
<sourceDDLFile>all.ddl</sourceDDLFile>
<createdBy>Student</createdBy>
<createdTime>2020-10-20 09:42:06 UTC</createdTime>
<ownerDesignName>all</ownerDesignName>
<actions>INSERT</actions>
<body><![CDATA[BEGIN
    :new.seqno := seq_orderitems.nextval;
END;]]></body>
<triggerTime>BEFORE</triggerTime>
<table>9723EB19-7669-2AB0-4B90-865947ABE384</table>
</TriggerOraclev10g>