<?xml version = '1.0' encoding = 'UTF-8'?>
<TriggerOraclev10g class="oracle.dbtools.crest.model.design.storage.oracle.v10g.TriggerOraclev10g" name="tri_act_history" directorySegmentName="seg_0" id="0EEBCCC9-14A8-188B-5392-EA153494082B">
<sourceDDLFile>all.ddl</sourceDDLFile>
<createdBy>Student</createdBy>
<createdTime>2020-10-20 09:42:06 UTC</createdTime>
<ownerDesignName>all</ownerDesignName>
<actions>INSERT</actions>
<body><![CDATA[BEGIN
    :new.seqno := seq_act_history.nextval;
END;]]></body>
<triggerTime>BEFORE</triggerTime>
<table>D17CDA74-F7D5-9DF8-79F7-DD954A4F324C</table>
</TriggerOraclev10g>