<?xml version = '1.0' encoding = 'UTF-8'?>
<TriggerOraclev10g class="oracle.dbtools.crest.model.design.storage.oracle.v10g.TriggerOraclev10g" name="tri_shopitem" directorySegmentName="seg_0" id="1BDA95FD-3277-0E81-52BF-A382A04ECDDD">
<sourceDDLFile>all.ddl</sourceDDLFile>
<createdBy>Student</createdBy>
<createdTime>2020-10-20 09:42:06 UTC</createdTime>
<ownerDesignName>all</ownerDesignName>
<actions>INSERT</actions>
<body><![CDATA[BEGIN
    :new.seqno := seq_shopitem.nextval;
END;]]></body>
<triggerTime>BEFORE</triggerTime>
<table>3B2CE22C-67B6-FB91-AE53-7BA35EE18F44</table>
</TriggerOraclev10g>