<?xml version = '1.0' encoding = 'UTF-8'?>
<TriggerOraclev10g class="oracle.dbtools.crest.model.design.storage.oracle.v10g.TriggerOraclev10g" name="tri_order" directorySegmentName="seg_0" id="2A48A5F6-9133-95AB-42EE-44348CBEDFF7">
<sourceDDLFile>all.ddl</sourceDDLFile>
<createdBy>Student</createdBy>
<createdTime>2020-10-20 09:42:06 UTC</createdTime>
<ownerDesignName>all</ownerDesignName>
<actions>INSERT</actions>
<body><![CDATA[BEGIN
    :new.orderno := seq_order.nextval;
END;]]></body>
<triggerTime>BEFORE</triggerTime>
<table>2867577B-4841-AE18-7F72-3B96EF46B696</table>
</TriggerOraclev10g>