<?xml version = '1.0' encoding = 'UTF-8'?>
<TriggerOraclev10g class="oracle.dbtools.crest.model.design.storage.oracle.v10g.TriggerOraclev10g" name="tri_side_resp" directorySegmentName="seg_0" id="361B455E-1518-5823-5385-E3BEFCA3AEED">
<sourceDDLFile>all.ddl</sourceDDLFile>
<createdBy>Student</createdBy>
<createdTime>2020-10-20 09:42:06 UTC</createdTime>
<ownerDesignName>all</ownerDesignName>
<actions>INSERT</actions>
<body><![CDATA[BEGIN
    :new.seqno := seq_side_resp.nextval;
END;]]></body>
<triggerTime>BEFORE</triggerTime>
<table>F578ABC9-507F-E6D5-F98D-8E21134BCEA6</table>
</TriggerOraclev10g>