<?xml version = '1.0' encoding = 'UTF-8'?>
<TriggerOraclev10g class="oracle.dbtools.crest.model.design.storage.oracle.v10g.TriggerOraclev10g" name="tri_act_reg" directorySegmentName="seg_0" id="48A03B2F-9C76-8943-3D11-C478D03DE455">
<sourceDDLFile>all.ddl</sourceDDLFile>
<createdBy>Student</createdBy>
<createdTime>2020-10-20 09:42:06 UTC</createdTime>
<ownerDesignName>all</ownerDesignName>
<actions>INSERT</actions>
<body><![CDATA[BEGIN
    :new.seqno := seq_act_reg.nextval;
END;]]></body>
<triggerTime>BEFORE</triggerTime>
<table>30A83805-1181-C103-B29F-C6252927B7AC</table>
</TriggerOraclev10g>