<?xml version = '1.0' encoding = 'UTF-8'?>
<TriggerOraclev10g class="oracle.dbtools.crest.model.design.storage.oracle.v10g.TriggerOraclev10g" name="tri_county" directorySegmentName="seg_0" id="9B1DCB1F-E2E2-C465-98F1-D52D8BBF5AEF">
<sourceDDLFile>all.ddl</sourceDDLFile>
<createdBy>Student</createdBy>
<createdTime>2020-10-20 09:42:06 UTC</createdTime>
<ownerDesignName>all</ownerDesignName>
<actions>INSERT</actions>
<body><![CDATA[BEGIN
    :new.id := seq_county.nextval;
END;]]></body>
<triggerTime>BEFORE</triggerTime>
<table>D116C999-55F3-F432-FC85-1B4B395EF309</table>
</TriggerOraclev10g>