<?xml version = '1.0' encoding = 'UTF-8'?>
<TriggerOraclev10g class="oracle.dbtools.crest.model.design.storage.oracle.v10g.TriggerOraclev10g" name="tri_act_resp" directorySegmentName="seg_0" id="A605A662-F90F-4566-A647-698F5FC7A1D9">
<sourceDDLFile>all.ddl</sourceDDLFile>
<createdBy>Student</createdBy>
<createdTime>2020-10-20 09:42:06 UTC</createdTime>
<ownerDesignName>all</ownerDesignName>
<actions>INSERT</actions>
<body><![CDATA[BEGIN
    :new.seqno := seq_act_resp.nextval;
END;]]></body>
<triggerTime>BEFORE</triggerTime>
<table>8EFEB43E-C8AC-065B-4C25-D107F7A87DF0</table>
</TriggerOraclev10g>