<?xml version = '1.0' encoding = 'UTF-8'?>
<TriggerOraclev10g class="oracle.dbtools.crest.model.design.storage.oracle.v10g.TriggerOraclev10g" name="tri_activity" directorySegmentName="seg_0" id="B1AF095E-002E-E353-314A-61DE3AB24C73">
<sourceDDLFile>all.ddl</sourceDDLFile>
<createdBy>Student</createdBy>
<createdTime>2020-10-20 09:42:06 UTC</createdTime>
<ownerDesignName>all</ownerDesignName>
<actions>INSERT</actions>
<body><![CDATA[BEGIN
    :new.seqno := seq_activity.nextval;
END;]]></body>
<triggerTime>BEFORE</triggerTime>
<table>A7AFDB27-462A-2F34-925C-12E0B14F1F12</table>
</TriggerOraclev10g>