<?xml version = '1.0' encoding = 'UTF-8'?>
<TriggerOraclev10g class="oracle.dbtools.crest.model.design.storage.oracle.v10g.TriggerOraclev10g" name="tri_firstclass" directorySegmentName="seg_0" id="BD3F4923-B743-E951-5170-CE5E9B98541F">
<sourceDDLFile>all.ddl</sourceDDLFile>
<createdBy>Student</createdBy>
<createdTime>2020-10-20 09:42:06 UTC</createdTime>
<ownerDesignName>all</ownerDesignName>
<actions>INSERT</actions>
<body><![CDATA[BEGIN
    :new.id := seq_firstclass.nextval;
END;]]></body>
<triggerTime>BEFORE</triggerTime>
<table>B180B0DC-FAA7-D006-E9E5-04E566D1D8C7</table>
</TriggerOraclev10g>