<?xml version = '1.0' encoding = 'UTF-8'?>
<TriggerOraclev10g class="oracle.dbtools.crest.model.design.storage.oracle.v10g.TriggerOraclev10g" name="tri_camp" directorySegmentName="seg_0" id="CD25CE5C-689E-FDB3-5105-EB9B1B16037D">
<sourceDDLFile>all.ddl</sourceDDLFile>
<createdBy>Student</createdBy>
<createdTime>2020-10-20 09:42:06 UTC</createdTime>
<ownerDesignName>all</ownerDesignName>
<actions>INSERT</actions>
<body><![CDATA[BEGIN
    :new.id := seq_camp.nextval;
END;]]></body>
<triggerTime>BEFORE</triggerTime>
<table>DAFD68A5-C4BF-1C13-6C56-F0584FC84445</table>
</TriggerOraclev10g>