<?xml version = '1.0' encoding = 'UTF-8'?>
<TriggerOraclev10g class="oracle.dbtools.crest.model.design.storage.oracle.v10g.TriggerOraclev10g" name="tri_memberstatus" directorySegmentName="seg_0" id="ECACF388-B25E-DD13-2B58-8B16D677A5A0">
<sourceDDLFile>all.ddl</sourceDDLFile>
<createdBy>Student</createdBy>
<createdTime>2020-10-20 09:42:06 UTC</createdTime>
<ownerDesignName>all</ownerDesignName>
<actions>INSERT</actions>
<body><![CDATA[BEGIN
    :new.id := seq_memberstatus.nextval;
END;]]></body>
<triggerTime>BEFORE</triggerTime>
<table>A3C3AEEF-1600-91E8-651A-9C14201A699A</table>
</TriggerOraclev10g>