<?xml version = '1.0' encoding = 'UTF-8'?>
<TriggerOraclev10g class="oracle.dbtools.crest.model.design.storage.oracle.v10g.TriggerOraclev10g" name="tri_area" directorySegmentName="seg_0" id="F2B9D304-6793-3430-A85A-D7BD136AA97F">
<sourceDDLFile>all.ddl</sourceDDLFile>
<createdBy>Student</createdBy>
<createdTime>2020-10-20 09:42:06 UTC</createdTime>
<ownerDesignName>all</ownerDesignName>
<actions>INSERT</actions>
<body><![CDATA[BEGIN
    :new.id := seq_area.nextval;
END;]]></body>
<triggerTime>BEFORE</triggerTime>
<table>AB87A66B-5499-6BEB-EF09-48DA2FA4BE60</table>
</TriggerOraclev10g>