<?xml version = '1.0' encoding = 'UTF-8'?>
<TriggerOraclev10g class="oracle.dbtools.crest.model.design.storage.oracle.v10g.TriggerOraclev10g" name="tri_np" directorySegmentName="seg_0" id="F6799B0B-4FF8-605D-84C2-06298DD797E5">
<sourceDDLFile>all.ddl</sourceDDLFile>
<createdBy>Student</createdBy>
<createdTime>2020-10-20 09:42:06 UTC</createdTime>
<ownerDesignName>all</ownerDesignName>
<actions>INSERT</actions>
<body><![CDATA[BEGIN
    :new.id := seq_np.nextval;
END;]]></body>
<triggerTime>BEFORE</triggerTime>
<table>057FE066-0F97-80ED-DA48-11641D664044</table>
</TriggerOraclev10g>